pastml_root	consensus_root	position	mut	max_anc	ref_EEM	nbseq	evol_rate	genetic_distance	substitution_rate	findability	type_substitution	details	loss	loss_details	max_simu	variance	mean	pvalue_raw	adjust_pvalue	adjust_pvalue_fdr	detected_EEM
A	A	468	P	A	4	11	2.88881	1	0.0945734	1.02423099	parallel	A:4	0		3	0.21651664	0.2156	5e-05	0.0017	0.0017	PASS
P	P	540	T	P	5	23	3.05695	1	0.02271666	1.64365547	parallel	P:5	0		5	0.22234591	0.2153	0.00014999	0.00494967	0.00254983	PASS
L	L	749	T	L	3	5	2.89781	2	0.03231953	1.49053497	parallel	L:3	0		3	0.12793631	0.1287	0.00024998	0.00799936	0.00283311	PASS
E	E	474	G	E	3	9	3.06157	1	0.02149613	1.66763966	convergent	D:1; E:2	0		3	0.15433279	0.1561	0.00034997	0.01084907	0.00297474	PASS
E	E	572	Q	E	5	23	3.02347	1	0.25440592	0.59447279	parallel	E:5	0		5	0.68205799	0.7101	0.00044996	0.0134988	0.00305973	PASS
A	A	573	N	A	3	15	3.02593	2	0.02223037	1.65305327	parallel	A:3	0		3	0.13317399	0.1301	0.00054995	0.01594855	0.00311638	PASS
G	G	839	K	G	3	9	3.01058	2	0.01929148	1.71463449	parallel	G:3	0		4	0.13394831	0.1263	0.00084992	0.02379776	0.00412818	PASS
H	H	665	N	H	5	23	2.99896	1	0.09825543	1.00764346	parallel	H:5	0		7	0.78716775	0.7885	0.00134987	0.03644649	0.00573695	PASS
