pastml_root	consensus_root	position	mut	max_anc	ref_EEM	nbseq	evol_rate	genetic_distance	substitution_rate	findability	type_substitution	details	loss	loss_details	max_simu	variance	mean	pvalue_raw	adjust_pvalue	adjust_pvalue_fdr	detected_EEM
P	P	540	T	P	5	23	4.06999	1	0.05940552	1.22617319	parallel	P:5	0		4	0.45548679	0.4611	5e-05	0.0018	0.0009	PASS
Y	Y	618	R	H	4	4	6.2503	1	0.07510328	1.12434107	convergent	H:3; Y:1	0		3	0.15215319	0.1541	5e-05	0.0018	0.0009	PASS
E	E	572	Q	E	6	24	5.43956	1	0.19893438	0.70129015	parallel	E:6	0		6	0.79750896	0.8348	0.00014999	0.00509966	0.00134991	PASS
A	A	780	S	A	5	23	1.79742	1	0.28945548	0.53841822	parallel	A:5	0		6	0.61699151	0.6543	0.00014999	0.00509966	0.00134991	PASS
H	H	665	N	H	5	23	2.60889	1	0.08952861	1.04803815	convergent	H:4; S:1	0		5	0.53252816	0.5572	0.00024998	0.00799936	0.00179986	PASS
L	L	749	T	F	3	5	5.48295	2	0.00484547	2.31466383	convergent	F:2; L:1	0		3	0.202796	0.202	0.00114989	0.03564659	0.00689934	PASS
G	G	839	K	G	3	9	4.9912	2	0.0200976	1.69685591	convergent	G:2; P:1	0		5	0.20138079	0.1911	0.00164984	0.0494952	0.00848489	PASS
