pastml_root	consensus_root	position	mut	max_anc	ref_EEM	nbseq	evol_rate	genetic_distance	substitution_rate	findability	type_substitution	details	loss	loss_details	max_simu	variance	mean	pvalue_raw	adjust_pvalue	adjust_pvalue_fdr	detected_EEM	posmut	log-dep	log-indep	BF	correlation
P	P	540	T	P	5	23	4.06999	1	0.05940552	1.22617319	parallel	P:5	0		4	0.45548679	0.4611	5e-05	0.0018	0.0009	PASS	540T	-22.690704999999998	-32.026825	18.67224	positive
E	E	572	Q	E	6	24	5.43956	1	0.19893438	0.70129015	parallel	E:6	0		6	0.79750896	0.8348	0.00014999	0.00509966	0.00134991	PASS	572Q	-25.805785999999998	-34.479890000000005	17.348208	positive
A	A	780	S	A	5	23	1.79742	1	0.28945548	0.53841822	parallel	A:5	0		6	0.61699151	0.6543	0.00014999	0.00509966	0.00134991	PASS	780S	-22.638307	-31.961744	18.646874	positive
H	H	665	N	H	5	23	2.60889	1	0.08952861	1.04803815	convergent	H:4; S:1	0		5	0.53252816	0.5572	0.00024998	0.00799936	0.00179986	PASS	665N	-22.713807	-32.018893	18.610172	positive
