pastml_root	consensus_root	position	mut	max_anc	ref_EEM	nbseq	evol_rate	genetic_distance	substitution_rate	findability	type_substitution	details	loss	loss_details	max_simu	variance	mean	pvalue_raw	adjust_pvalue	adjust_pvalue_fdr	detected_EEM
P	P	540	T	P	5.0	23	5.49304	1	0.05940552	1.22617319	parallel	P:5	0		3	0.22793671	0.2323	5e-05	0.0007	0.00014	PASS
E	E	572	Q	E	5.0	23	5.49473	1	0.19893438	0.70129015	convergent	E:3; V:2	0		4	0.36029991	0.3747	5e-05	0.0007	0.00014	PASS
A	A	573	N	A	3.0	15	5.47175	2	0.04135078	1.38351626	parallel	A:3	0		2	0.10285884	0.1046	5e-05	0.0007	0.00014	PASS
H	H	665	N	H	5.0	23	5.48823	1	0.08952861	1.04803815	parallel	H:5	0		4	0.434375	0.445	5e-05	0.0007	0.00014	PASS
L	L	749	T	L	3.0	5	5.40173	2	0.02269286	1.64411086	parallel	L:3	0		2	0.06341679	0.0639	5e-05	0.0007	0.00014	PASS
G	G	839	K	G	3.0	9	5.43641	2	0.0200976	1.69685591	parallel	G:3	0		3	0.07115824	0.0724	0.00014999	0.00134991	0.00034998	PASS
A	A	780	S	A	5.0	23	5.48645	1	0.28945548	0.53841822	parallel	A:5	0		5	0.66474576	0.7132	0.00024998	0.00199984	0.00049996	PASS
Y	Y	751	F	Y	4.0	12	5.48166	1	0.17249877	0.76321401	parallel	Y:4	0		5	0.60170271	0.6473	0.00244976	0.01714832	0.00428708	PASS
F	F	505	L	F	4.0	17	5.48175	1	0.10013977	0.99939339	parallel	F:4	0		5	0.634016	0.672	0.00324968	0.01949808	0.00454955	PASS
I	I	731	V	I	6.0	24	5.49402	1	0.50330523	0.29816856	parallel	I:6	0		8	1.42680551	1.6643	0.00324968	0.01949808	0.00454955	PASS
E	E	623	D	E	4.0	18	5.45758	1	0.47239217	0.32569731	parallel	E:4	0		7	0.98465424	1.0524	0.01644836	0.06579344	0.02093428	PASS
S	S	761	A	S	3.0	15	4.57644	1	0.25692931	0.59018635	parallel	S:3	0		6	0.62216796	0.6698	0.02494751	0.07484253	0.02910543	PASS
