pastml_root	consensus_root	position	mut	max_anc	ref_EEM	nbseq	evol_rate	genetic_distance	substitution_rate	findability	type_substitution	details	loss	loss_details	max_simu	variance	mean	pvalue_raw	adjust_pvalue	adjust_pvalue_fdr	detected_EEM	posmut	log-dep	log-indep	BF	correlation
L	L	518	F	L	7	29	6.04866	1	0.22511312365930805	0.6475991857339057	parallel	L:7	0		5	0.61573879	0.5739	0.0	0.0	0.0	PASS	518F	-39.005213	-40.450716	2.891006	positive
E	E	572	Q	E	6	21	5.7862599999999995	1	0.19893438272010447	0.7012901493283641	parallel	E:6	0		5	0.7431468399999999	0.7854	0.0	0.0	0.0	PASS	572Q	-34.497223	-36.059263	3.1240799999999997	positive
H	H	665	N	H	6	20	3.71708	1	0.08952861079542641	1.048038154349504	parallel	H:6	0		7	0.6645953600000001	0.6908	0.0001	0.0056	0.0009833333333333332	PASS	665N	-34.520764	-35.951406	2.861284	positive
R	R	588	L	I	4	5	6.08981	1	0.11993433572563912	0.9210564659300196	convergent	I:3; R:1	1	Y:1	5	0.28275136	0.2808	0.0005	0.024	0.002269230769230769	PASS	588L	-34.404421	-35.704077000000005	2.599312	positive
A	A	780	S	A	4	17	1.6675400000000002	1	0.289455481167368	0.5384182221614238	parallel	A:4	0		4	0.49571004	0.5386	0.0009	0.0387	0.0031235294117647056	PASS	780S	-31.611284	-36.074323	8.926078	positive
S	S	620	C	S	3	13	6.0157300000000005	1	0.15157469775792567	0.8193732890814238	convergent	A:1; S:2	2	A:1; S:1	4	0.232616	0.228	0.0019	0.0779	0.005386956521739129	PASS	620C	-34.575049	-36.220308	3.290518	positive
P	P	540	T	P	4	18	4.7965599999999995	1	0.0594055216945835	1.2261731858262657	parallel	P:4	0		7	0.49152431	0.4913	0.0025	0.09	0.006136	PASS	540T	-28.617742	-32.763992	8.2925	positive
