pastml_root	consensus_root	position	mut	max_anc	ref_EEM	nbseq	evol_rate	genetic_distance	substitution_rate	findability	type_substitution	details	loss	loss_details	max_simu	variance	mean	pvalue_raw	adjust_pvalue	adjust_pvalue_fdr	detected_EEM	posmut	log-dep	log-indep	BF	correlation
H	H	665	N	H	6	20	3.71715	1	0.08952861	1.04803815	parallel	H:6	0		5	0.64422831	0.6737	5e-05	0.00295	0.00049167	PASS	665N	-34.22788	-35.953283	3.4508059999999996	positive
L	L	518	F	L	7	29	6.04865	1	0.22511312	0.64759919	parallel	L:7	0		6	0.58530775	0.5685	5e-05	0.00295	0.00049167	PASS	518F	-38.990795	-40.524093	3.066596	positive
E	E	572	Q	E	6	21	5.7862800000000005	1	0.19893438	0.70129015	parallel	E:6	0		5	0.75188271	0.7777	5e-05	0.00295	0.00049167	PASS	572Q	-34.175596	-36.01981	3.688428	positive
R	R	588	L	I	4	5	6.08979	1	0.11993434	0.92105647	convergent	I:3; R:1	1	Y:1	4	0.28498311	0.2883	0.00054995	0.02474775	0.00216314	PASS	588L	-34.540735999999995	-35.685975	2.290478	positive
A	A	780	S	A	4	17	1.6674799999999999	1	0.28945548	0.53841822	parallel	A:4	0		5	0.522199	0.5489999999999999	0.00114989	0.04944527	0.00399079	PASS	780S	-31.560686999999998	-36.041413	8.961452	positive
P	P	540	T	P	4	18	4.79661	1	0.05940552	1.22617319	parallel	P:4	0		5	0.48085359	0.4879	0.00164984	0.06764344	0.00491619	PASS	540T	-28.503066999999998	-32.9053	8.804466	positive
S	S	620	C	S	3	13	6.01572	1	0.1515747	0.81937329	convergent	A:1; S:2	2	A:1; S:1	3	0.226016	0.228	0.00174983	0.0699932	0.00491619	PASS	620C	-34.848089	-36.446505	3.196832	positive
