pastml_root	consensus_root	position	mut	max_anc	ref_EEM	nbseq	evol_rate	genetic_distance	substitution_rate	findability	type_substitution	details	loss	loss_details	max_simu	variance	mean	pvalue_raw	adjust_pvalue	adjust_pvalue_fdr	detected_EEM	posmut	log-dep	log-indep	BF	correlation
G	A	112	G	A	40	640	4.02008	1	0.165917094	0.780108866	convergent	"A:39; S:1"	18	"A:10; S:8"	23	13.70211239	3.6819	0	0	0	PASS	112G	-1285.538992	-1302.167733	33.257482	positive
N	S	153	C	S	58	625	9.53584	1	0.176019188	0.754439987	convergent	"A:5; L:2; S:51"	119	"A:17; F:1; G:1; L:26; M:2; N:2; S:68; T:1; V:1"	14	5.57156784	3.5404	0	0	0	PASS	153C	-1380.106034	-1408.726017	57.239966	positive
A	A	154	S	A	48	654	2.63402	1	0.379624936	0.420645269	convergent	"A:42; T:6"	28	"A:9; T:19"	38	52.49467196	14.3202	0	0	0	PASS	154S	-1100.88575	-1128.708345	55.64519	positive
I	V	243	I	V	91	856	3.98157	1	0.754988884	0.122059443	reversion	V:91	49	V:49	74	184.8622694	24.4584	0	0	0	PASS	243I	-1306.704432	-1325.646349	37.883834	positive
F	F	249	Y	F	20	364	0.81975	1	0.373725726	0.427447006	parallel	F:20	3	F:3	17	9.431996	6.202	0	0	0	PASS	249Y	-931.908085	-953.566825	43.31748	positive
A	A	287	A	S	73	867	3.85694	1	0.298826113	0.524581455	reversion	S:73	32	"G:1; S:31"	43	57.31768764	11.7394	0	0	0	PASS	287A	-1810.495822	-1836.232584	51.473524	positive
D	D	71	D	N	33	1163	2.63353	1	0.209768051	0.678260657	reversion	N:33	34	"G:3; N:31"	28	29.29254319	5.2959	0	0	0	PASS	71D	-1413.413626	-1480.539132	134.251012	positive
P	E	184	P	E	6	396	0.85875	2	0.0258442	1.587636907	reversion	E:6	12	"A:3; E:8; K:1"	6	0.12395959	0.0821	0.0001	0.031	0.000662963	PASS	184P	-943.10495	-954.847781	23.485662	positive
I	I	111	M	I	8	335	0.40612	1	0.274078534	0.562124978	convergent	"I:7; V:1"	2	"I:1; V:1"	8	1.25530359	1.2379	0.0002	0.0608	0.001213559	PASS	111M	-1073.316927	-1097.38192	48.129986	positive
