pastml_root	consensus_root	position	mut	max_anc	ref_EEM	nbseq	evol_rate	genetic_distance	substitution_rate	findability	type_substitution	details	loss	loss_details	max_simu	variance	mean	pvalue_raw	adjust_pvalue	adjust_pvalue_fdr	detected_EEM
P	P	540	T	P	5.0	23	3.42948	1	0.05940552	1.22617319	parallel	P:5	0		4	0.38246416	0.3828	5e-05	0.0019	0.0019	PASS
H	H	665	N	H	5.0	23	3.24628	1	0.08952861	1.04803815	parallel	H:5	0		5	0.63000711	0.6483	0.00034997	0.01294889	0.00617443	PASS
E	E	572	Q	E	5.0	23	5.11467	1	0.19893438	0.70129015	parallel	E:5	0		5	0.73731999	0.7751	0.00054995	0.0197982	0.00617443	PASS
A	A	573	N	A	3.0	15	2.72301	2	0.04135078	1.38351626	parallel	A:3	0		4	0.13746684	0.1354	0.00064994	0.0227479	0.00617443	PASS
G	G	839	K	G	3.0	9	3.30093	2	0.0200976	1.69685591	parallel	G:3	0		4	0.12116624	0.1124	0.00094991	0.03229694	0.00664937	PASS
H	H	519	P	H	3.0	15	2.59335	1	0.02633194	1.57951707	convergent	H:2; Q:1	0		3	0.21445756	0.2162	0.0010499	0.0346467	0.00664937	PASS
A	A	780	S	A	5.0	23	2.4136	1	0.28945548	0.53841822	parallel	A:5	0		6	0.79480924	0.8274	0.00124988	0.03999616	0.00678506	PASS
