pastml_root	consensus_root	position	mut	max_anc	ref_EEM	nbseq	evol_rate	genetic_distance	substitution_rate	findability	type_substitution	details	loss	loss_details	max_simu	variance	mean	pvalue_raw	adjust_pvalue	adjust_pvalue_fdr	detected_EEM	posmut	log-dep	log-indep	BF	correlation
P	P	540	T	P	5.0	23	3.4294800000000003	1	0.05940552	1.22617319	parallel	P:5	0		4	0.38246416	0.3828	5e-05	0.0019	0.0019	PASS	540T	-66.711321	-69.79727	6.1718980000000006	positive
H	H	665	N	H	5.0	23	3.24628	1	0.08952861	1.04803815	parallel	H:5	0		5	0.63000711	0.6483	0.00034997	0.01294889	0.00617443	PASS	665N	-66.963849	-69.710463	5.493228	positive
E	E	572	Q	E	5.0	23	5.114669999999999	1	0.19893438	0.70129015	parallel	E:5	0		5	0.73731999	0.7751	0.00054995	0.0197982	0.00617443	PASS	572Q	-66.792794	-69.698775	5.811962	positive
A	A	780	S	A	5.0	23	2.4136	1	0.28945548	0.53841822	parallel	A:5	0		6	0.79480924	0.8274	0.00124988	0.03999616	0.00678506	PASS	780S	-66.971479	-69.65178399999999	5.360609999999999	positive
