Sites	Indel_prop	Indel_prop(ConvLeaves)	PCOC	PC	OC
487	0.0	0.0	9.20747205174e-10	0.875107080104	2.66688578856e-09
505	0.0	0.0	0.710131603587	0.646389250084	0.707092676544
518	0.0	0.0	0.245087808899	0.00340504944059	0.989529209417
526	0.0	0.0	1.63228825601e-09	0.845480386326	2.60424347615e-08
540	0.0	0.0	0.999998813737	0.0984330601888	0.999999841194
572	0.0	0.0	0.999991697343	0.416320841084	0.999997893355
573	0.0	0.0	0.998606652399	0.896909651883	0.997272498732
579	0.0	0.0	0.810469566141	0.552341677588	0.908568587639
584	0.0	0.0	0.99861484717	0.867637391266	0.997789839518
588	0.0	0.0	0.00619720388043	0.994874754001	0.00100111151216
611	0.0	0.0	0.00587775732137	0.00012122979566	0.966856388784
620	0.0	0.0	0.999974627581	0.845701419301	0.999943231493
623	0.0	0.0	0.680625293445	0.0503059141063	0.972336058463
625	0.0	0.0	0.00879576040332	0.870852443453	0.218862787729
665	0.0	0.0	0.999991102725	0.162302619476	0.99999934681
731	0.0126582278481	0.0434782608696	0.999988591159	0.0123993972784	0.999999752267
751	0.0253164556962	0.0434782608696	0.997953692294	0.0322569625612	0.999913296646
780	0.0253164556962	0.0434782608696	0.999999851583	0.437663455892	0.999999954766
801	0.0253164556962	0.0434782608696	6.0789596977e-07	0.91392934851	2.27810755326e-06
852	0.0506329113924	0.130434782609	0.1750102852	0.0142459264997	0.93820943321
865	0.0506329113924	0.130434782609	9.2027485107e-12	0.840477445639	2.92916542598e-10
909	0.0	0.0	0.5	0.5	0.5
