pastml_root	consensus_root	position	mut	max_anc	ref_EEM	nbseq	evol_rate	genetic_distance	substitution_rate	findability	type_substitution	details	loss	loss_details	max_simu	variance	mean	pvalue_raw	adjust_pvalue	adjust_pvalue_fdr	detected_EEM
P	P	540	T	P	5	23	5.7576	1	0.05940552	1.22617319	parallel	P:5	0		3	0.21067975	0.2045	5e-05	0.0007	0.000175	PASS
E	E	572	Q	E	5	23	5.75026	1	0.19893438	0.70129015	parallel	E:5	0		4	0.37694396	0.3902	5e-05	0.0007	0.000175	PASS
H	H	665	N	H	5	23	5.74372	1	0.08952861	1.04803815	parallel	H:5	0		4	0.435636	0.458	5e-05	0.0007	0.000175	PASS
L	L	749	T	L	3	5	5.74053	2	0.02269286	1.64411086	parallel	L:3	0		2	0.07055791	0.0703	5e-05	0.0007	0.000175	PASS
A	A	573	N	A	3	15	5.72039	2	0.04135078	1.38351626	parallel	A:3	0		3	0.107364	0.106	0.00024998	0.0024998	0.00058329	PASS
G	G	839	K	G	3	9	5.67134	2	0.0200976	1.69685591	parallel	G:3	0		3	0.07554975	0.0745	0.00024998	0.0024998	0.00058329	PASS
A	A	780	S	A	5	23	5.73997	1	0.28945548	0.53841822	parallel	A:5	0		6	0.67863791	0.7297	0.00054995	0.0043996	0.0010999	PASS
Y	Y	751	F	Y	4	12	5.73457	1	0.17249877	0.76321401	parallel	Y:4	0		5	0.60454396	0.6402	0.00314969	0.02204783	0.00551196	PASS
I	I	731	V	I	6	25	5.75568	1	0.50330523	0.29816856	parallel	I:6	0		7	1.51714844	1.6966	0.00384962	0.02309772	0.00552945	PASS
F	F	505	L	F	4	17	5.73386	1	0.10013977	0.99939339	parallel	F:4	0		6	0.65304375	0.6875	0.00394961	0.02309772	0.00552945	PASS
E	E	623	D	E	4	18	5.69705	1	0.47239217	0.32569731	parallel	E:4	0		6	0.98527644	1.0934	0.01964804	0.07859216	0.0250066	PASS
S	S	761	A	S	3	15	4.42692	1	0.25692931	0.59018635	parallel	S:3	0		5	0.60687591	0.6653	0.02434757	0.07859216	0.0284055	PASS
