pastml_root	consensus_root	position	mut	max_anc	ref_EEM	nbseq	evol_rate	genetic_distance	substitution_rate	findability	type_substitution	details	loss	loss_details	max_simu	variance	mean	pvalue_raw	adjust_pvalue	adjust_pvalue_fdr	detected_EEM	posmut	log-dep	log-indep	BF	correlation
P	P	540	T	P	5	23	5.7576	1	0.05940552	1.22617319	parallel	P:5	0		3	0.21067975	0.2045	5e-05	0.0007	0.000175	PASS	540T	-18.079492000000002	-23.133851999999997	10.10872	positive
E	E	572	Q	E	5	23	5.75026	1	0.19893438	0.70129015	parallel	E:5	0		4	0.37694396	0.3902	5e-05	0.0007	0.000175	PASS	572Q	-17.837282000000002	-23.184784	10.695003999999999	positive
H	H	665	N	H	5	23	5.74372	1	0.08952861	1.04803815	parallel	H:5	0		4	0.43563599999999997	0.45799999999999996	5e-05	0.0007	0.000175	PASS	665N	-18.057285	-23.136725	10.15888	positive
A	A	780	S	A	5	23	5.73997	1	0.28945548	0.53841822	parallel	A:5	0		6	0.67863791	0.7297	0.00054995	0.0043996	0.0010999	PASS	780S	-17.70076	-23.091947	10.782374	positive
Y	Y	751	F	Y	4	12	5.73457	1	0.17249877	0.76321401	parallel	Y:4	0		5	0.60454396	0.6402	0.00314969	0.02204783	0.00551196	PASS	751F	-21.962988	-23.252046	2.578116	positive
I	I	731	V	I	6	25	5.75568	1	0.50330523	0.29816856	parallel	I:6	0		7	1.51714844	1.6966	0.00384962	0.02309772	0.00552945	PASS	731V	-20.470285999999998	-25.18742	9.434268	positive
F	F	505	L	F	4	17	5.73386	1	0.10013977	0.99939339	parallel	F:4	0		6	0.65304375	0.6875	0.00394961	0.02309772	0.00552945	PASS	505L	-21.651335	-24.019204000000002	4.735738	positive
E	E	623	D	E	4	18	5.69705	1	0.47239217	0.32569731	parallel	E:4	0		6	0.98527644	1.0934	0.01964804	0.07859216	0.025006599999999997	PASS	623D	-23.916521	-26.20729	4.581538	positive
