pastml_root	consensus_root	position	mut	max_anc	ref_EEM	nbseq	evol_rate	genetic_distance	substitution_rate	findability	type_substitution	details	loss	loss_details	max_simu	variance	mean	pvalue_raw	adjust_pvalue	adjust_pvalue_fdr	detected_EEM
P	P	540	T	P	5	23	6.15648	1	0.05940552	1.22617319	parallel	P:5	0		4	0.27143356	0.2738	5e-05	0.00075	0.000375	PASS
E	E	572	Q	E	5	23	6.12102	1	0.19893438	0.70129015	parallel	E:5	0		4	0.41239775	0.4265	5e-05	0.00075	0.000375	PASS
A	A	573	N	A	3	15	5.96566	2	0.04135078	1.38351626	parallel	A:3	0		3	0.12192016	0.1228	0.00024998	0.00324974	0.00093743	PASS
H	H	665	N	H	5	23	6.18105	1	0.08952861	1.04803815	parallel	H:5	0		5	0.49115975	0.5155	0.00024998	0.00324974	0.00093743	PASS
G	G	839	K	G	3	9	5.9302	2	0.0200976	1.69685591	parallel	G:3	0		3	0.08472775	0.0835	0.00034997	0.00384967	0.00104991	PASS
L	L	749	T	L	3	5	5.73365	2	0.02269286	1.64411086	parallel	L:3	0		4	0.08117975	0.0795	0.00044996	0.0044996	0.0011249	PASS
A	A	780	S	A	5	23	6.03194	1	0.28945548	0.53841822	parallel	A:5	0		5	0.732919	0.809	0.00064994	0.00584946	0.00139273	PASS
Y	Y	751	F	Y	4	12	6.0652	1	0.17249877	0.76321401	parallel	Y:4	0		5	0.69881519	0.7441	0.00444956	0.03559648	0.00834292	PASS
F	F	505	L	F	4	17	6.06322	1	0.10013977	0.99939339	parallel	F:4	0		5	0.71213916	0.7578	0.00544946	0.03814622	0.00877413	PASS
E	E	623	D	E	5	19	6.18384	1	0.47239217	0.32569731	parallel	E:5	2	A:1; E:1	7	1.11283551	1.2393	0.00584942	0.03814622	0.00877413	PASS
I	I	731	V	I	6	24	6.17959	1	0.50330523	0.29816856	parallel	I:6	0		9	1.66343711	1.9017	0.00764924	0.0382462	0.01043078	PASS
S	S	761	A	S	3	15	3.24349	1	0.25692931	0.59018635	parallel	S:3	0		4	0.52255164	0.5406	0.01534847	0.06139388	0.01918559	PASS
H	H	503	Y	H	3	10	6.17252	1	0.13120177	0.88206029	parallel	H:3	1	D:1	5	0.54438679	0.5861	0.01684832	0.06139388	0.01944037	PASS
S	S	620	T	S	3	4	6.18504	1	0.32422032	0.48915977	parallel	S:3	2	N:1; V:1	6	0.798751	0.857	0.04854515	0.0970903	0.05201266	PASS
V	V	722	I	V	4	5	6.18151	1	0.63547676	0.19690033	parallel	V:4	0		7	1.354476	1.518	0.0560444	0.0970903	0.0560444	PASS
