pastml_root	consensus_root	position	mut	max_anc	ref_EEM	nbseq	evol_rate	genetic_distance	substitution_rate	findability	type_substitution	details	loss	loss_details	max_simu	variance	mean	pvalue_raw	adjust_pvalue	adjust_pvalue_fdr	detected_EEM	posmut	log-dep	log-indep	BF	correlation
P	P	540	T	P	5	23	6.15648	1	0.05940552	1.22617319	parallel	P:5	0		4	0.27143356	0.2738	5e-05	0.00075	0.000375	PASS	540T	-18.102667999999998	-23.482147	10.758958	positive
E	E	572	Q	E	5	23	6.12102	1	0.19893438	0.70129015	parallel	E:5	0		4	0.41239775	0.4265	5e-05	0.00075	0.000375	PASS	572Q	-17.948595	-23.451125	11.00506	positive
H	H	665	N	H	5	23	6.18105	1	0.08952861	1.04803815	parallel	H:5	0		5	0.49115975	0.5155	0.00024998	0.00324974	0.00093743	PASS	665N	-18.070567	-23.575357	11.00958	positive
A	A	780	S	A	5	23	6.0319400000000005	1	0.28945548	0.53841822	parallel	A:5	0		5	0.732919	0.809	0.00064994	0.00584946	0.00139273	PASS	780S	-17.939055	-23.385247	10.892384	positive
Y	Y	751	F	Y	4	12	6.0652	1	0.17249877	0.76321401	parallel	Y:4	0		5	0.69881519	0.7441	0.00444956	0.03559648	0.00834292	PASS	751F	-21.533075	-23.488770000000002	3.9113900000000004	positive
F	F	505	L	F	4	17	6.063219999999999	1	0.10013977	0.99939339	parallel	F:4	0		5	0.71213916	0.7578	0.00544946	0.03814622	0.00877413	PASS	505L	-21.508415	-24.71772	6.41861	positive
E	E	623	D	E	5	19	6.18384	1	0.47239217	0.32569731	parallel	E:5	2	A:1; E:1	7	1.11283551	1.2393	0.00584942	0.03814622	0.00877413	PASS	623D	-28.047831	-30.041521999999997	3.9873819999999998	positive
I	I	731	V	I	6	24	6.17959	1	0.50330523	0.29816856	parallel	I:6	0		9	1.66343711	1.9017	0.00764924	0.0382462	0.01043078	PASS	731V	-21.196298000000002	-26.083209	9.773822000000001	positive
