pastml_root	consensus_root	position	mut	max_anc	ref_EEM	nbseq	evol_rate	genetic_distance	substitution_rate	findability	type_substitution	details	loss	loss_details	max_simu	variance	mean	pvalue_raw	adjust_pvalue	adjust_pvalue_fdr	detected_EEM	posmut	log-dep	log-indep	BF	correlation
E	E	572	Q	E	6	24	2.03797	1	0.19893438	0.70129015	parallel	E:6	0		5	0.70996311	0.6133	5e-05	0.0059	0.0059	PASS	572Q	-28.755748999999998	-38.308516999999995	19.105535999999997	positive
P	P	540	T	P	5	23	1.57939	1	0.05940552	1.22617319	parallel	P:5	0		5	0.49621775	0.4865	0.00034997	0.04094649	0.02064823	PASS	540T	-24.820157000000002	-36.693684000000005	23.747054000000002	positive
