pastml_root	consensus_root	position	mut	max_anc	ref_EEM	nbseq	evol_rate	genetic_distance	substitution_rate	findability	type_substitution	details	loss	loss_details	max_simu	variance	mean	pvalue_raw	adjust_pvalue	adjust_pvalue_fdr	detected_EEM
W	G	854	A	G	4	8	4.60893	1	0.13323961	0.87536664	parallel	G:4	0		3	0.094056	0.088	5e-05	0.00145	0.00145	PASS
P	P	540	T	P	5	23	4.54543	1	0.05940552	1.22617319	parallel	P:5	0		5	0.48798844	0.4966	0.00014999	0.00419972	0.00217485	PASS
H	H	665	N	H	5	23	4.48037	1	0.08952861	1.04803815	parallel	H:5	0		6	0.77771775	0.8135	0.00044996	0.01214892	0.00434961	PASS
E	E	572	Q	E	5	23	4.63427	1	0.19893438	0.70129015	parallel	E:5	0		5	0.70789375	0.7225	0.00064994	0.01689844	0.00471206	PASS
L	L	749	T	I	3	5	4.35632	1	0.12831403	0.89172586	convergent	I:2; L:1	0		3	0.16647551	0.1607	0.0010499	0.0262475	0.00489328	PASS
G	G	839	K	G	3	9	3.68922	2	0.0200976	1.69685591	parallel	G:3	0		4	0.13926031	0.1313	0.00124988	0.02999712	0.00489328	PASS
A	A	780	S	A	5	23	2.47495	1	0.28945548	0.53841822	parallel	A:5	0		6	0.77720639	0.8231	0.00134987	0.03104701	0.00489328	PASS
E	D	803	E	D	5	17	4.64791	1	0.39176762	0.40697146	reversion, parallel	D:5	4	D:1; Q:2; V:1	6	0.33090464	0.2256	0.00134987	0.03104701	0.00489328	PASS
A	A	573	N	A	3	15	4.35355	2	0.04135078	1.38351626	convergent	A:2; G:1	0		4	0.24136775	0.2365	0.00184982	0.03884622	0.00596053	PASS
