pastml_root	consensus_root	position	mut	max_anc	ref_EEM	nbseq	evol_rate	genetic_distance	substitution_rate	findability	type_substitution	details	loss	loss_details	max_simu	variance	mean	pvalue_raw	adjust_pvalue	adjust_pvalue_fdr	detected_EEM	posmut	log-dep	log-indep	BF	correlation
P	P	540	T	P	5	23	4.5454300000000005	1	0.05940552	1.22617319	parallel	P:5	0		5	0.48798844	0.4966	0.00014999	0.00419972	0.00217485	PASS	540T	-21.858365	-31.194468	18.672206	positive
H	H	665	N	H	5	23	4.48037	1	0.08952861	1.04803815	parallel	H:5	0		6	0.77771775	0.8135	0.00044996	0.01214892	0.00434961	PASS	665N	-22.270397	-31.066956	17.593118	positive
E	E	572	Q	E	5	23	4.63427	1	0.19893438	0.70129015	parallel	E:5	0		5	0.70789375	0.7225	0.00064994	0.01689844	0.00471206	PASS	572Q	-21.978528	-31.145993	18.33493	positive
A	A	780	S	A	5	23	2.47495	1	0.28945548	0.53841822	parallel	A:5	0		6	0.77720639	0.8231	0.00134987	0.03104701	0.00489328	PASS	780S	-22.058435	-31.263362	18.409854	positive
