pastml_root	consensus_root	position	mut	max_anc	ref_EEM	nbseq	evol_rate	genetic_distance	substitution_rate	findability	type_substitution	details	loss	loss_details	max_simu	variance	mean	pvalue_raw	adjust_pvalue	adjust_pvalue_fdr	detected_EEM
P	P	540	T	P	5	23	4.70295	1	0.05940552	1.22617319	parallel	P:5	0		4	0.51581436	0.5242	5e-05	0.0019	0.0019	PASS
A	A	573	N	A	3	15	1.99998	2	0.04135078	1.38351626	parallel	A:3	0		3	0.09618775	0.0965	0.00014999	0.00554963	0.00284981	PASS
H	H	665	N	H	5	23	2.64064	1	0.08952861	1.04803815	parallel	H:5	0		5	0.552239	0.569	0.00024998	0.00899928	0.00316641	PASS
E	E	572	Q	E	5	23	3.86323	1	0.19893438	0.70129015	parallel	E:5	0		6	0.62396764	0.6394	0.00074993	0.02624755	0.00712434	PASS
A	A	780	S	A	5	23	2.52828	1	0.28945548	0.53841822	parallel	A:5	0		6	0.80919375	0.8575	0.0010499	0.0356966	0.00787067	PASS
L	L	749	T	L	3	5	4.89182	2	0.02269286	1.64411086	parallel	L:3	0		4	0.19417596	0.1898	0.00124988	0.04124604	0.00787067	PASS
Y	Y	618	Y	F	3	50	5.85143	1	0.21643112	0.66468029	reversion, parallel	F:3	7	C:1; F:3; I:1; V:1; W:1	5	0.11150319	0.0959	0.00144986	0.04639552	0.00787067	PASS
G	G	839	K	G	3	9	5.04294	2	0.0200976	1.69685591	convergent	A:1; G:2	0		5	0.20158044	0.1866	0.0020498	0.0635438	0.00973655	PASS
