pastml_root	consensus_root	position	mut	max_anc	ref_EEM	nbseq	evol_rate	genetic_distance	substitution_rate	findability	type_substitution	details	loss	loss_details	max_simu	variance	mean	pvalue_raw	adjust_pvalue	adjust_pvalue_fdr	detected_EEM
P	P	540	T	P	5	23	4.41249	1	0.05940552	1.22617319	parallel	P:5	0		5	0.48337599	0.4951	0.00024998	0.00849932	0.00594949	PASS
A	A	468	P	A	4	11	2.87266	1	0.14855652	0.82810829	parallel	A:4	0		5	0.35101744	0.3484	0.00034997	0.01154901	0.00594949	PASS
E	E	572	Q	E	5	23	4.27504	1	0.19893438	0.70129015	parallel	E:5	0		5	0.67210096	0.6852	0.00054995	0.0175984	0.00623277	PASS
L	L	749	T	L	3	5	4.05612	2	0.02269286	1.64411086	parallel	L:3	0		3	0.15723696	0.1548	0.00084992	0.02634752	0.00722432	PASS
H	H	665	N	H	5	23	4.00505	1	0.08952861	1.04803815	parallel	H:5	0		6	0.74620319	0.7209	0.00124988	0.0374964	0.00849918	PASS
G	G	839	K	G	3	9	4.24567	2	0.0200976	1.69685591	parallel	G:3	0		5	0.16972784	0.1596	0.00154985	0.04494565	0.00878248	PASS
A	A	573	N	A	3	15	3.91664	2	0.04135078	1.38351626	parallel	A:3	0		5	0.20495964	0.2006	0.00184982	0.05179496	0.00898484	PASS
