pastml_root	consensus_root	position	mut	max_anc	ref_EEM	nbseq	evol_rate	genetic_distance	substitution_rate	findability	type_substitution	details	loss	loss_details	max_simu	variance	mean	pvalue_raw	adjust_pvalue	adjust_pvalue_fdr	detected_EEM	posmut	log-dep	log-indep	BF	correlation
P	P	540	T	P	5	23	4.41249	1	0.05940552	1.22617319	parallel	P:5	0		5	0.48337599	0.4951	0.00024998	0.00849932	0.00594949	PASS	540T	-67.64712800000001	-69.236414	3.178572	positive
E	E	572	Q	E	5	23	4.27504	1	0.19893438	0.70129015	parallel	E:5	0		5	0.67210096	0.6852	0.00054995	0.0175984	0.00623277	PASS	572Q	-67.464152	-69.397497	3.86669	positive
H	H	665	N	H	5	23	4.00505	1	0.08952861	1.04803815	parallel	H:5	0		6	0.74620319	0.7209	0.00124988	0.0374964	0.00849918	PASS	665N	-67.50294699999999	-69.258549	3.511204	positive
