pastml_root	consensus_root	position	mut	max_anc	ref_EEM	nbseq	evol_rate	genetic_distance	substitution_rate	findability	type_substitution	details	loss	loss_details	max_simu	variance	mean	pvalue_raw	adjust_pvalue	adjust_pvalue_fdr	detected_EEM
L	L	749	T	L	3	5	2.83707	2	0.02269286	1.64411086	parallel	L:3	0		3	0.09039616	0.0872	0.00024998	0.00699944	0.00419963	PASS
H	H	665	N	H	5	23	3.41229	1	0.08952861	1.04803815	parallel	H:5	0		5	0.64092359	0.6621	0.00044996	0.01214892	0.00419963	PASS
A	A	780	S	A	5	23	1.84412	1	0.28945548	0.53841822	parallel	A:5	0		5	0.60768439	0.6331	0.00044996	0.01214892	0.00419963	PASS
E	E	572	Q	E	5	23	5.6414	1	0.19893438	0.70129015	parallel	E:5	0		6	0.77970204	0.8214	0.00084992	0.021248	0.00587944	PASS
P	P	540	T	P	5	23	5.61495	1	0.05940552	1.22617319	parallel	P:5	0		6	0.61407536	0.6092	0.0010499	0.0251976	0.00587944	PASS
G	G	839	K	G	3	9	4.94357	2	0.0200976	1.69685591	parallel	G:3	0		5	0.20028079	0.1839	0.00194981	0.04484563	0.00909911	PASS
V	V	722	M	V	4	12	5.71108	1	0.21358896	0.6704212	parallel	V:4	1	T:1	6	0.53920224	0.5424	0.00264974	0.05829428	0.01059896	PASS
Y	Y	618	C	Y	3	7	5.71007	1	0.06726165	1.17223251	parallel	Y:3	0		4	0.299736	0.308	0.00334967	0.07034307	0.01172384	PASS
A	A	573	N	A	3	15	5.2044	2	0.04135078	1.38351626	parallel	A:3	0		5	0.29072476	0.2718	0.00474953	0.0949906	0.01477632	PASS
