pastml_root	consensus_root	position	mut	max_anc	ref_EEM	nbseq	evol_rate	genetic_distance	substitution_rate	findability	type_substitution	details	loss	loss_details	max_simu	variance	mean	pvalue_raw	adjust_pvalue	adjust_pvalue_fdr	detected_EEM	posmut	log-dep	log-indep	BF	correlation
H	H	665	N	H	5	23	3.41229	1	0.08952861	1.04803815	parallel	H:5	0		5	0.64092359	0.6621	0.00044996	0.01214892	0.00419963	PASS	665N	-22.528279	-31.546787	18.037016	positive
A	A	780	S	A	5	23	1.84412	1	0.28945548	0.53841822	parallel	A:5	0		5	0.60768439	0.6331	0.00044996	0.01214892	0.00419963	PASS	780S	-22.562176	-31.844441999999997	18.564532	positive
E	E	572	Q	E	5	23	5.6414	1	0.19893438	0.70129015	parallel	E:5	0		6	0.77970204	0.8214	0.00084992	0.021248	0.00587944	PASS	572Q	-22.517298999999998	-31.85923	18.683862	positive
P	P	540	T	P	5	23	5.61495	1	0.05940552	1.22617319	parallel	P:5	0		6	0.61407536	0.6092	0.0010499	0.0251976	0.00587944	PASS	540T	-22.411602	-31.541078000000002	18.258951999999997	positive
