pastml_root	consensus_root	position	mut	max_anc	ref_EEM	nbseq	evol_rate	genetic_distance	substitution_rate	findability	type_substitution	details	loss	loss_details	max_simu	variance	mean	pvalue_raw	adjust_pvalue	adjust_pvalue_fdr	detected_EEM
P	P	540	T	P	5	23	3.06118	1	0.02271666	1.64365547	parallel	P:5	0		3	0.21337359	0.2129	5e-05	0.0014	0.0007	PASS
Y	Y	618	C	Y	3	7	3.06229	1	0.04379293	1.358596	parallel	Y:3	0		2	0.09851559	0.0979	5e-05	0.0014	0.0007	PASS
V	V	722	M	V	4	12	3.06241	1	0.13461326	0.87091217	parallel	V:4	1	T:1	5	0.28604764	0.2894	0.00014999	0.00389974	0.00139989	PASS
L	L	749	T	L	3	5	2.42915	2	0.03231953	1.49053497	parallel	L:3	0		3	0.1087	0.11	0.00024998	0.0062495	0.00139989	PASS
I	I	584	T	I	4	5	3.06238	1	0.06629661	1.17850866	parallel	I:4	1	W:1	4	0.32807391	0.3353	0.00024998	0.0062495	0.00139989	PASS
G	G	839	K	G	3	9	3.00835	2	0.01929148	1.71463449	parallel	G:3	0		4	0.13232975	0.1295	0.00054995	0.01264885	0.00256643	PASS
A	A	573	N	A	3	15	3.05429	2	0.02223037	1.65305327	parallel	A:3	0		3	0.14035839	0.1369	0.00074993	0.01649846	0.00299972	PASS
E	E	572	Q	E	5	23	3.06018	1	0.25440592	0.59447279	parallel	E:5	0		6	0.747791	0.753	0.00124988	0.02624748	0.00437458	PASS
H	H	665	N	H	5	23	2.98746	1	0.09825543	1.00764346	parallel	H:5	0		7	0.82486256	0.8588	0.00144986	0.0289972	0.00451068	PASS
