pastml_root	consensus_root	position	mut	max_anc	ref_EEM	nbseq	evol_rate	genetic_distance	substitution_rate	findability	type_substitution	details	loss	loss_details	max_simu	variance	mean	pvalue_raw	adjust_pvalue	adjust_pvalue_fdr	detected_EEM	posmut	log-dep	log-indep	BF	correlation
P	P	540	T	P	5	23	3.06118	1	0.02271666	1.64365547	parallel	P:5	0		3	0.21337359	0.2129	5e-05	0.0014	0.0007	PASS	540T	-22.995055999999998	-32.718503999999996	19.446896	positive
E	E	572	Q	E	5	23	3.06018	1	0.25440592	0.59447279	parallel	E:5	0		6	0.747791	0.753	0.00124988	0.02624748	0.00437458	PASS	572Q	-22.931473999999998	-32.851653999999996	19.84036	positive
H	H	665	N	H	5	23	2.98746	1	0.09825543	1.00764346	parallel	H:5	0		7	0.82486256	0.8588	0.00144986	0.028997199999999997	0.00451068	PASS	665N	-23.076479	-32.754038	19.355118	positive
