Sites	Indel_prop	Indel_prop(ConvLeaves)	PCOC	PC	OC
83	0.160234489497	0.204751131222	0	0.940987560974	0
84	0.160234489497	0.204751131222	0	0.925480928502	0
100	0.159745969712	0.204751131222	0	0.99815808221	0
110	0.159745969712	0.204751131222	0	0.988314523784	0
111	0.159745969712	0.204751131222	0	0.86998630895	0
118	0.159745969712	0.204751131222	0	0.997261527388	0
142	0.0327308255984	0.052036199095	0	0.998855376494	0
208	0.0	0.0	0	0.972218553822	0
246	0.0	0.0	0	0.80502452922	0
263	0.00341963849536	0.00452488687783	0	0.94095808966	0
269	0.0141670737665	0.00452488687783	0	0.99999989494	0
271	0.0156326331216	0.0079185520362	0	0.99910734315	0
277	0.0268685881778	0.0237556561086	0	0.935164041259	0
281	0.0918417195896	0.131221719457	0	0.875965548841	0
