pastml_root	consensus_root	position	mut	max_anc	ref_EEM	nbseq	evol_rate	genetic_distance	substitution_rate	findability	type_substitution	details	loss	loss_details	max_simu	variance	mean	pvalue_raw	adjust_pvalue	adjust_pvalue_fdr	detected_EEM
P	P	540	T	P	5	23	3.73168	1	0.05940552	1.22617319	parallel	P:5	0		4	0.41748476	0.4218	5e-05	0.0016	0.0008	PASS
L	L	749	T	L	4	6	3.90934	2	0.02269286	1.64411086	parallel	L:4	0		3	0.158084	0.154	5e-05	0.0016	0.0008	PASS
E	E	572	Q	E	5	23	2.49358	1	0.19893438	0.70129015	parallel	E:5	0		5	0.44273424	0.4524	0.00024998	0.0074994	0.00239979	PASS
A	A	573	N	A	3	15	1.60806	2	0.04135078	1.38351626	parallel	A:3	0		3	0.08108399	0.0801	0.00034997	0.01014913	0.00239979	PASS
G	G	839	K	G	3	9	3.18577	2	0.0200976	1.69685591	parallel	G:3	0		3	0.11497231	0.1137	0.00044996	0.01259888	0.00239979	PASS
A	A	780	S	A	5	23	1.74539	1	0.28945548	0.53841822	parallel	A:5	0		5	0.61830679	0.6389	0.00044996	0.01259888	0.00239979	PASS
H	H	665	N	H	5	23	3.17742	1	0.08952861	1.04803815	convergent	H:3; Y:2	0		6	0.64346396	0.6598	0.00064994	0.01689844	0.00297115	PASS
V	V	722	I	V	9	9	6.32981	1	0.63547676	0.19690033	convergent	T:1; V:8	2	L:2	10	2.70289471	2.9977	0.0020498	0.051245	0.0081992	PASS
