pastml_root	consensus_root	position	mut	max_anc	ref_EEM	nbseq	evol_rate	genetic_distance	substitution_rate	findability	type_substitution	details	loss	loss_details	max_simu	variance	mean	pvalue_raw	adjust_pvalue	adjust_pvalue_fdr	detected_EEM	posmut	log-dep	log-indep	BF	correlation
P	P	540	T	P	5	23	3.7316800000000003	1	0.05940552	1.22617319	parallel	P:5	0		4	0.41748476	0.4218	5e-05	0.0016	0.0008	PASS	540T	-66.208288	-69.13231400000001	5.848052	positive
E	E	572	Q	E	5	23	2.49358	1	0.19893438	0.70129015	parallel	E:5	0		5	0.44273424	0.4524	0.00024998	0.0074994	0.00239979	PASS	572Q	-66.146559	-69.11484499999999	5.936572	positive
G	G	839	K	G	3	9	3.18577	2	0.0200976	1.69685591	parallel	G:3	0		3	0.11497231	0.1137	0.00044996	0.01259888	0.00239979	PASS	839K	-64.05821800000001	-66.132021	4.147606	positive
A	A	780	S	A	5	23	1.7453900000000002	1	0.28945548	0.53841822	parallel	A:5	0		5	0.61830679	0.6389	0.00044996	0.01259888	0.00239979	PASS	780S	-66.391231	-68.96766600000001	5.15287	positive
H	H	665	N	H	5	23	3.17742	1	0.08952861	1.04803815	convergent	H:3; Y:2	0		6	0.64346396	0.6598	0.00064994	0.01689844	0.00297115	PASS	665N	-66.11497	-69.096748	5.963556	positive
