pastml_root	consensus_root	position	mut	max_anc	ref_EEM	nbseq	evol_rate	genetic_distance	substitution_rate	findability	type_substitution	details	loss	loss_details	max_simu	variance	mean	pvalue_raw	adjust_pvalue	adjust_pvalue_fdr	detected_EEM
P	P	540	T	P	5.0	23	5.51266	1	0.05940552	1.22617319	parallel	P:5	0		3	0.231175	0.235	5e-05	0.00065	0.00048747	PASS
E	E	572	Q	E	5.0	23	5.5058	1	0.19893438	0.70129015	parallel	E:5	0		5	0.35014719	0.3591	0.00014999	0.00179988	0.00048747	PASS
H	H	665	N	H	5.0	23	5.50001	1	0.08952861	1.04803815	parallel	H:5	0		5	0.41424359	0.4371	0.00014999	0.00179988	0.00048747	PASS
L	L	749	T	L	3.0	5	5.39808	2	0.02269286	1.64411086	parallel	L:3	0		3	0.06816444	0.0666	0.00014999	0.00179988	0.00048747	PASS
G	G	839	K	G	3.0	9	5.44632	2	0.0200976	1.69685591	parallel	G:3	0		3	0.07178364	0.0694	0.00034997	0.00314973	0.00083564	PASS
A	A	573	N	A	3.0	15	5.24052	2	0.04135078	1.38351626	parallel	A:3	0		3	0.09570319	0.0959	0.00044996	0.00359968	0.00083564	PASS
E	E	623	D	E	6.0	20	5.51295	1	0.47239217	0.32569731	parallel	E:6	0		6	1.02328959	1.0679	0.00044996	0.00359968	0.00083564	PASS
A	A	780	S	A	5.0	23	5.49701	1	0.28945548	0.53841822	parallel	A:5	0		7	0.66979375	0.7025	0.00054995	0.00359968	0.00089367	PASS
Y	Y	751	F	Y	4.0	12	5.49071	1	0.17249877	0.76321401	parallel	Y:4	0		5	0.586975	0.625	0.00324968	0.0162484	0.00448456	PASS
F	F	505	L	F	4.0	17	5.48952	1	0.10013977	0.99939339	parallel	F:4	0		5	0.64325584	0.6804	0.00344966	0.0162484	0.00448456	PASS
I	I	731	V	I	5.0	23	5.49486	1	0.50330523	0.29816856	parallel	I:5	0		7	1.48210951	1.6493	0.01874813	0.05624439	0.02215688	PASS
S	S	761	A	S	3.0	15	4.34654	1	0.25692931	0.59018635	parallel	S:3	0		5	0.59856031	0.6313	0.02144786	0.05624439	0.02323518	PASS
D	D	585	E	D	3.0	3	5.51304	1	0.39176762	0.40697146	parallel	D:3	0		6	1.14728871	1.2627	0.12543746	0.12543746	0.12543746	NOT PASS
