pastml_root	consensus_root	position	mut	max_anc	ref_EEM	nbseq	evol_rate	genetic_distance	substitution_rate	findability	type_substitution	details	loss	loss_details	max_simu	variance	mean	pvalue_raw	adjust_pvalue	adjust_pvalue_fdr	detected_EEM	posmut	log-dep	log-indep	BF	correlation
P	P	540	T	P	5.0	23	5.5126599999999994	1	0.05940552	1.22617319	parallel	P:5	0		3	0.231175	0.235	5e-05	0.00065	0.00048747	PASS	540T	-18.202917000000003	-23.786209	11.166584	positive
E	E	572	Q	E	5.0	23	5.5058	1	0.19893438	0.70129015	parallel	E:5	0		5	0.35014719	0.3591	0.00014999	0.00179988	0.00048747	PASS	572Q	-18.381514000000003	-23.810694	10.858360000000001	positive
H	H	665	N	H	5.0	23	5.50001	1	0.08952861	1.04803815	parallel	H:5	0		5	0.41424359	0.4371	0.00014999	0.00179988	0.00048747	PASS	665N	-18.248017	-23.850058999999998	11.204084	positive
L	L	749	T	L	3.0	5	5.39808	2	0.02269286	1.64411086	parallel	L:3	0		3	0.06816444	0.0666	0.00014999	0.00179988	0.00048747	PASS	749T	-24.455377	-25.457267	2.00378	positive
A	A	573	N	A	3.0	15	5.24052	2	0.04135078	1.38351626	parallel	A:3	0		3	0.09570319	0.0959	0.00044996	0.00359968	0.00083564	PASS	573N	-20.953761	-22.184453	2.461384	positive
E	E	623	D	E	6.0	20	5.51295	1	0.47239217	0.32569731	parallel	E:6	0		6	1.02328959	1.0679	0.00044996	0.00359968	0.00083564	PASS	623D	-28.665803999999998	-30.900614	4.46962	positive
A	A	780	S	A	5.0	23	5.4970099999999995	1	0.28945548	0.53841822	parallel	A:5	0		7	0.66979375	0.7025	0.00054995	0.00359968	0.00089367	PASS	780S	-18.182817	-23.797922	11.230210000000001	positive
Y	Y	751	F	Y	4.0	12	5.49071	1	0.17249877	0.76321401	parallel	Y:4	0		5	0.586975	0.625	0.00324968	0.0162484	0.00448456	PASS	751F	-21.639463	-23.141596	3.004266	positive
F	F	505	L	F	4.0	17	5.48952	1	0.10013977	0.99939339	parallel	F:4	0		5	0.64325584	0.6804	0.00344966	0.0162484	0.00448456	PASS	505L	-22.049068	-25.252136	6.406136	positive
I	I	731	V	I	5.0	23	5.49486	1	0.50330523	0.29816856	parallel	I:5	0		7	1.48210951	1.6493	0.01874813	0.05624439	0.02215688	PASS	731V	-18.13058	-23.860155	11.45915	positive
S	S	761	A	S	3.0	15	4.34654	1	0.25692931	0.59018635	parallel	S:3	0		5	0.59856031	0.6313	0.02144786	0.05624439	0.02323518	PASS	761A	-20.829156	-22.074885000000002	2.491458	positive
