pastml_root	consensus_root	position	mut	max_anc	ref_EEM	nbseq	evol_rate	genetic_distance	substitution_rate	findability	type_substitution	details	loss	loss_details	max_simu	variance	mean	pvalue_raw	adjust_pvalue	adjust_pvalue_fdr	detected_EEM
E	E	572	Q	E	5	23	4.27496	1	0.19893438	0.70129015	parallel	E:5	0		5	0.63660016	0.6772	0.00034997	0.01189898	0.00594949	PASS
P	P	540	T	P	5	23	4.41237	1	0.05940552	1.22617319	parallel	P:5	0		5	0.49559991	0.4997	0.00034997	0.01189898	0.00594949	PASS
A	A	468	P	A	4	11	2.87281	1	0.14855652	0.82810829	parallel	A:4	0		4	0.35344511	0.3433	0.00074993	0.02399776	0.00849921	PASS
H	H	665	N	H	5	23	4.00504	1	0.08952861	1.04803815	parallel	H:5	0		7	0.73968384	0.7296	0.00144986	0.04494566	0.00995617	PASS
L	L	749	T	L	3	5	4.05607	2	0.02269286	1.64411086	parallel	L:3	0		4	0.16168711	0.1517	0.00174983	0.0524949	0.00995617	PASS
A	A	573	N	A	3	15	3.91664	2	0.04135078	1.38351626	parallel	A:3	0		3	0.21940079	0.2161	0.00184982	0.05364478	0.00995617	PASS
G	G	839	K	G	3	9	4.24558	2	0.0200976	1.69685591	parallel	G:3	0		5	0.17142524	0.1574	0.0020498	0.0573944	0.00995617	PASS
