pastml_root	consensus_root	position	mut	max_anc	ref_EEM	nbseq	evol_rate	genetic_distance	substitution_rate	findability	type_substitution	details	loss	loss_details	max_simu	variance	mean	pvalue_raw	adjust_pvalue	adjust_pvalue_fdr	detected_EEM
P	P	540	T	P	5	23	2.99645	1	0.02271666	1.64365547	parallel	P:5	0		4	0.20701084	0.2054	5e-05	0.00145	0.00145	PASS
W	G	854	A	G	4	8	2.99705	1	0.13436321	0.87171962	parallel	G:4	0		4	0.10950071	0.1077	0.00014999	0.00419972	0.00202983	PASS
G	G	839	K	G	3	9	2.8031	2	0.01929148	1.71463449	parallel	G:3	0		3	0.11011231	0.1113	0.00024998	0.00674946	0.00202983	PASS
E	D	803	E	D	5	17	3.00239	1	0.26393791	0.57849822	reversion, parallel	D:5	4	D:1; Q:2; V:1	5	0.13725759	0.1079	0.00034997	0.00909922	0.00202983	PASS
E	E	572	Q	E	5	23	3.00036	1	0.25440592	0.59447279	parallel	E:5	0		6	0.671996	0.698	0.00034997	0.00909922	0.00202983	PASS
A	A	573	N	A	3	15	2.98309	2	0.02223037	1.65305327	convergent	A:2; G:1	0		3	0.12577244	0.1234	0.00064994	0.01559856	0.00269261	PASS
H	H	665	N	H	5	23	2.98615	1	0.09825543	1.00764346	parallel	H:5	0		6	0.77903004	0.8114	0.00064994	0.01559856	0.00269261	PASS
L	L	749	T	I	3	5	2.92759	1	0.06629661	1.17850866	convergent	I:2; L:1	0		4	0.12729919	0.1241	0.00074993	0.01649846	0.0027185	PASS
I	I	584	A	V	3	5	3.00235	1	0.18063613	0.74319537	convergent	I:1; V:2	0		5	0.24325271	0.2277	0.00314969	0.06614349	0.00942407	PASS
R	R	588	G	A	3	3	3.00063	1	0.16591709	0.78010887	convergent	A:1; R:1; S:1	0		4	0.23650144	0.2184	0.00324968	0.06614349	0.00942407	PASS
