pastml_root	consensus_root	position	mut	max_anc	ref_EEM	nbseq	evol_rate	genetic_distance	substitution_rate	findability	type_substitution	details	loss	loss_details	max_simu	variance	mean	pvalue_raw	adjust_pvalue	adjust_pvalue_fdr	detected_EEM
P	P	540	T	P	5	23	3.05175	1	0.02271666	1.64365547	parallel	P:5	0		4	0.22840304	0.2236	5e-05	0.002	0.002	PASS
D	D	852	V	A	3	12	3.07382	1	0.20461133	0.68907033	convergent	A:1; D:1; E:1	1	I:1	5	0.04804636	0.0442	0.00024998	0.00974922	0.00366633	PASS
A	A	573	N	A	3	15	2.24913	2	0.02223037	1.65305327	parallel	A:3	0		4	0.10427324	0.1026	0.00034997	0.01329886	0.00366633	PASS
G	G	839	K	G	3	9	2.84671	2	0.01929148	1.71463449	parallel	G:3	0		3	0.12382791	0.1203	0.00054995	0.02034815	0.00366633	PASS
L	L	749	T	L	3	5	3.03128	2	0.03231953	1.49053497	parallel	L:3	0		4	0.15696559	0.1521	0.00054995	0.02034815	0.00366633	PASS
I	I	723	A	T	4	4	3.07382	1	0.11352143	0.94492213	convergent	L:1; T:2; V:1	1	S:1	5	0.26574159	0.2529	0.00054995	0.02034815	0.00366633	PASS
E	E	572	Q	E	5	26	3.07124	1	0.25440592	0.59447279	parallel	E:5	0		6	0.74850144	0.7816	0.00094991	0.03229694	0.00542806	PASS
H	H	665	N	H	5	23	2.98188	1	0.09825543	1.00764346	parallel	H:5	0		8	0.86275831	0.9013	0.00174983	0.05774439	0.00874915	PASS
Y	Y	618	H	Y	4	8	3.07013	1	0.19939548	0.7002847	parallel	Y:4	1	Q:1	5	0.569136	0.592	0.00224978	0.07199296	0.00999902	PASS
S	S	896	G	S	4	5	3.07381	1	0.10999247	0.95863703	parallel	S:4	0		5	0.59433951	0.5993	0.00314969	0.09764039	0.01259876	PASS
