pastml_root	consensus_root	position	mut	max_anc	ref_EEM	nbseq	evol_rate	genetic_distance	substitution_rate	findability	type_substitution	details	loss	loss_details	max_simu	variance	mean	pvalue_raw	adjust_pvalue	adjust_pvalue_fdr	detected_EEM	posmut	log-dep	log-indep	BF	correlation
P	P	540	T	P	5	23	3.05175	1	0.02271666	1.64365547	parallel	P:5	0		4	0.22840304	0.2236	5e-05	0.002	0.002	PASS	540T	-22.991007999999997	-32.694109999999995	19.406204000000002	positive
E	E	572	Q	E	5	26	3.07124	1	0.25440592	0.59447279	parallel	E:5	0		6	0.74850144	0.7816	0.00094991	0.03229694	0.00542806	PASS	572Q	-28.480704	-34.759327	12.557246000000001	positive
H	H	665	N	H	5	23	2.98188	1	0.09825543	1.00764346	parallel	H:5	0		8	0.86275831	0.9013	0.00174983	0.05774439	0.00874915	PASS	665N	-22.865926	-32.792082	19.852312	positive
