pastml_root	consensus_root	position	mut	max_anc	ref_EEM	nbseq	evol_rate	genetic_distance	substitution_rate	findability	type_substitution	details	loss	loss_details	max_simu	variance	mean	pvalue_raw	adjust_pvalue	adjust_pvalue_fdr	detected_EEM
E	E	803	D	E	7	31	3.02345	1	0.32312999	0.49062274	parallel	E:7	3	E:1; K:2	7	1.24240551	1.3357	0.00014999	0.00569962	0.00284981	PASS
P	P	540	T	P	5	23	3.01768	1	0.02271666	1.64365547	parallel	P:5	0		5	0.22002416	0.2172	0.00014999	0.00569962	0.00284981	PASS
A	A	573	N	A	3	15	2.28948	2	0.02223037	1.65305327	parallel	A:3	0		3	0.10059975	0.0995	0.00024998	0.00899928	0.00316641	PASS
E	E	572	Q	E	5	23	2.9785	1	0.25440592	0.59447279	parallel	E:5	0		6	0.69487004	0.7386	0.00034997	0.01224895	0.00332472	PASS
G	G	839	K	G	3	9	3.00538	2	0.01929148	1.71463449	convergent	A:1; G:2	0		3	0.12634991	0.1247	0.00064994	0.02209796	0.00493954	PASS
H	H	665	N	H	5	23	2.7071	1	0.09825543	1.00764346	parallel	H:5	0		5	0.76471136	0.8192	0.00084992	0.02804736	0.00538283	PASS
L	L	749	T	L	3	5	2.9794	2	0.03231953	1.49053497	parallel	L:3	0		3	0.14037616	0.1372	0.0010499	0.0335968	0.00569946	PASS
E	E	623	D	E	6	31	3.02183	1	0.32312999	0.49062274	parallel	E:6	1	K:1	7	1.22473244	1.3266	0.00124988	0.03874628	0.00593693	PASS
Y	Y	618	Y	F	3	50	3.02341	1	0.37372573	0.42744701	reversion, parallel	F:3	7	C:1; F:3; I:1; V:1; W:1	5	0.13750071	0.1077	0.00324968	0.0974904	0.01372087	PASS
