pastml_root	consensus_root	position	mut	max_anc	ref_EEM	nbseq	evol_rate	genetic_distance	substitution_rate	findability	type_substitution	details	loss	loss_details	max_simu	variance	mean	pvalue_raw	adjust_pvalue	adjust_pvalue_fdr	detected_EEM
T	N	495	H	N	3	7	1.73459	1	0.16573485	0.78058617	parallel	N:3	0		2	0.10207964	0.1006	5e-05	0.0069	0.0069	PASS
E	E	572	Q	E	6	24	1.7368	1	0.19893438	0.70129015	convergent	D:1; E:5	0		7	0.77695799	0.7899	0.00024998	0.03424726	0.01724862	PASS
P	P	540	T	P	5	23	1.74054	1	0.05940552	1.22617319	convergent	P:4; R:1	0		5	0.589231	0.587	0.00064994	0.08839184	0.02989724	PASS
