pastml_root	consensus_root	position	mut	max_anc	ref_EEM	nbseq	evol_rate	genetic_distance	substitution_rate	findability	type_substitution	details	loss	loss_details	max_simu	variance	mean	pvalue_raw	adjust_pvalue	adjust_pvalue_fdr	detected_EEM
P	P	540	T	P	5	23	3.1433	1	0.02271666	1.64365547	parallel	P:5	0		5	0.26738336	0.2608	0.00014999	0.0059996	0.0059996	PASS
L	L	749	T	L	3	5	2.28741	2	0.03231953	1.49053497	parallel	L:3	0		3	0.12582176	0.1232	0.00034997	0.01364883	0.0069994	PASS
G	G	839	K	G	3	9	2.87356	2	0.01929148	1.71463449	parallel	G:3	0		4	0.14514864	0.1444	0.00074993	0.02849734	0.00999907	PASS
H	H	665	N	H	5	23	2.57043	1	0.09825543	1.00764346	parallel	H:5	0		7	0.82057424	0.8476	0.00164984	0.06104408	0.01366533	PASS
A	A	573	N	A	3	15	2.78287	2	0.02223037	1.65305327	parallel	A:3	0		4	0.16641959	0.1571	0.00184982	0.06659352	0.01366533	PASS
E	E	572	Q	E	5	23	3.13278	1	0.25440592	0.59447279	parallel	E:5	0		6	0.81222359	0.8379	0.0020498	0.071743	0.01366533	PASS
