pastml_root	consensus_root	position	mut	max_anc	ref_EEM	nbseq	evol_rate	genetic_distance	substitution_rate	findability	type_substitution	details	loss	loss_details	max_simu	variance	mean	pvalue_raw	adjust_pvalue	adjust_pvalue_fdr	detected_EEM	posmut	log-dep	log-indep	BF	correlation
P	P	540	T	P	5	23	3.1433	1	0.02271666	1.64365547	parallel	P:5	0		5	0.26738336	0.2608	0.00014999	0.0059996	0.0059996	PASS	540T	-23.053926999999998	-33.638252	21.16865	positive
H	H	665	N	H	5	23	2.57043	1	0.09825543	1.00764346	parallel	H:5	0		7	0.82057424	0.8476	0.00164984	0.06104408	0.01366533	PASS	665N	-23.340075	-33.672742	20.665334	positive
E	E	572	Q	E	5	23	3.13278	1	0.25440592	0.59447279	parallel	E:5	0		6	0.81222359	0.8379	0.0020498	0.071743	0.01366533	PASS	572Q	-23.140497	-33.504927	20.72886	positive
