pastml_root	consensus_root	position	mut	max_anc	ref_EEM	nbseq	evol_rate	genetic_distance	substitution_rate	findability	type_substitution	details	loss	loss_details	max_simu	variance	mean	pvalue_raw	adjust_pvalue	adjust_pvalue_fdr	detected_EEM
P	P	540	T	P	5.0	23	6.05809	1	0.05940552	1.22617319	parallel	P:5	0		3	0.23079836	0.2358	5e-05	0.0007	0.00035	PASS
E	E	572	Q	E	5.0	23	6.04768	1	0.19893438	0.70129015	parallel	E:5	0		4	0.35951751	0.3693	5e-05	0.0007	0.00035	PASS
H	H	665	N	H	5.0	23	6.03105	1	0.08952861	1.04803815	parallel	H:5	0		5	0.43390524	0.4426	0.00014999	0.00179988	0.00052496	PASS
G	G	839	K	G	3.0	9	5.90531	2	0.0200976	1.69685591	parallel	G:3	0		3	0.07187319	0.0709	0.00014999	0.00179988	0.00052496	PASS
A	A	573	N	A	3.0	15	5.45597	2	0.04135078	1.38351626	parallel	A:3	0		5	0.09766844	0.0966	0.00024998	0.0024998	0.00058329	PASS
L	L	749	T	L	3.0	5	5.81773	2	0.02269286	1.64411086	parallel	L:3	0		3	0.06610431	0.0663	0.00024998	0.0024998	0.00058329	PASS
A	A	780	S	A	5.0	23	6.0217	1	0.28945548	0.53841822	parallel	A:5	0		5	0.6701	0.71	0.00054995	0.0043996	0.0010999	PASS
Y	Y	751	F	Y	4.0	12	6.01365	1	0.17249877	0.76321401	parallel	Y:4	0		4	0.60469671	0.6323	0.00294971	0.02064797	0.00516199	PASS
F	F	505	L	F	4.0	17	6.01325	1	0.10013977	0.99939339	parallel	F:4	0		5	0.65045919	0.6759	0.00424958	0.02549748	0.00661046	PASS
E	E	623	D	E	4.0	18	5.91697	1	0.47239217	0.32569731	parallel	E:4	0		5	0.95848156	1.0438	0.01744826	0.0872413	0.02220688	PASS
S	S	761	A	S	3.0	15	4.03472	1	0.25692931	0.59018635	parallel	S:3	0		4	0.53896604	0.5586	0.01744826	0.0872413	0.02220688	PASS
I	I	731	V	I	5.0	23	6.01882	1	0.50330523	0.29816856	parallel	I:5	0		8	1.507924	1.674	0.02254775	0.0872413	0.02630571	PASS
R	R	588	K	R	3.0	4	6.06787	1	0.32859892	0.48333387	parallel	R:3	0		7	0.97899751	1.0557	0.08324168	0.16648336	0.08964489	NOT PASS
D	D	852	E	D	3.0	5	6.06817	1	0.39176762	0.40697146	parallel	D:3	0		7	1.19748079	1.3089	0.13353665	0.16648336	0.13353665	NOT PASS
