pastml_root	consensus_root	position	mut	max_anc	ref_EEM	nbseq	evol_rate	genetic_distance	substitution_rate	findability	type_substitution	details	loss	loss_details	max_simu	variance	mean	pvalue_raw	adjust_pvalue	adjust_pvalue_fdr	detected_EEM	posmut	log-dep	log-indep	BF	correlation
P	P	540	T	P	5.0	23	6.05809	1	0.05940552	1.22617319	parallel	P:5	0		3	0.23079836	0.2358	5e-05	0.0007	0.00035	PASS	540T	-17.271808	-22.482644	10.421672000000001	positive
E	E	572	Q	E	5.0	23	6.047680000000001	1	0.19893438	0.70129015	parallel	E:5	0		4	0.35951751	0.3693	5e-05	0.0007	0.00035	PASS	572Q	-17.362510999999998	-22.334626	9.944230000000001	positive
H	H	665	N	H	5.0	23	6.03105	1	0.08952861	1.04803815	parallel	H:5	0		5	0.43390524	0.4426	0.00014999	0.00179988	0.00052496	PASS	665N	-17.469292000000003	-22.369262	9.79994	positive
A	A	780	S	A	5.0	23	6.0217	1	0.28945548	0.53841822	parallel	A:5	0		5	0.6701	0.71	0.00054995	0.0043996	0.0010999	PASS	780S	-17.454156	-22.336154999999998	9.763997999999999	positive
Y	Y	751	F	Y	4.0	12	6.01365	1	0.17249877	0.76321401	parallel	Y:4	0		4	0.60469671	0.6323	0.00294971	0.02064797	0.00516199	PASS	751F	-21.23151	-22.486823	2.510626	positive
F	F	505	L	F	4.0	17	6.01325	1	0.10013977	0.99939339	parallel	F:4	0		5	0.65045919	0.6759	0.00424958	0.02549748	0.00661046	PASS	505L	-20.663425	-23.409277	5.491704	positive
E	E	623	D	E	4.0	18	5.91697	1	0.47239217	0.32569731	parallel	E:4	0		5	0.95848156	1.0438	0.01744826	0.08724130000000001	0.02220688	PASS	623D	-23.667019	-25.981329000000002	4.62862	positive
I	I	731	V	I	5.0	23	6.01882	1	0.50330523	0.29816856	parallel	I:5	0		8	1.507924	1.6740000000000002	0.02254775	0.08724130000000001	0.02630571	PASS	731V	-17.303358	-22.434328	10.26194	positive
