Sites	Indel_prop	Indel_prop(ConvLeaves)	PCOC	PC	OC
1	0.862725940401	0.802235597592	9.11092772331e-34	0.87933469283	5.03463397281e-32
24	0.564240351734	0.38950988822	9.83142492879e-113	0.837312317291	1.03350945949e-105
100	0.159745969712	0.125537403267	0.0	0.999164693365	0.0
110	0.159745969712	0.125537403267	0.0	0.999983587296	0.0
111	0.159745969712	0.125537403267	0.0	0.933636112824	0.0
118	0.159745969712	0.125537403267	0.0	0.999843032887	0.0
145	0.0312652662433	0.0154772141015	0.0	0.883580657594	0.0
154	0.0107474352711	0.00171969045572	0.0	0.952658027474	0.0
186	0.00195407914021	0.00343938091144	0.0	0.999963970499	0.0
200	0.000488519785051	0.000859845227859	0.0	0.840297203234	0.0
208	0.0	0.0	0.0	0.918459732682	0.0
238	0.0	0.0	0.0	0.872129371949	0.0
263	0.00341963849536	0.00257953568358	0.0	0.919463228999	0.0
269	0.0141670737665	0.0214961306965	0.0	0.999999819095	0.0
271	0.0156326331216	0.0214961306965	0.0	0.970017376419	0.0
276	0.0258915486077	0.0283748925193	0.0	0.914966103409	0.0
277	0.0268685881778	0.0292347377472	0.0	0.912273121246	0.0
281	0.0918417195896	0.0619088564058	0.0	0.940496213383	0.0
294	0.652173913043	0.583834909716	2.19496970196e-135	0.805022764403	9.44552021721e-125
298	0.706888128969	0.659501289768	1.90889902941e-126	0.80033642262	1.42918874652e-121
301	0.771372740596	0.742046431642	4.7725866594e-100	0.921458372209	1.03742744865e-92
