pastml_root	consensus_root	position	mut	max_anc	ref_EEM	nbseq	evol_rate	genetic_distance	substitution_rate	findability	type_substitution	details	loss	loss_details	max_simu	variance	mean	pvalue_raw	adjust_pvalue	adjust_pvalue_fdr	detected_EEM
L	L	749	T	L	4	6	2.83761	2	0.03231953	1.49053497	parallel	L:4	0		3	0.15092976	0.1532	5e-05	0.0016	0.00159989	PASS
A	A	573	N	A	3	15	2.09791	2	0.02223037	1.65305327	parallel	A:3	0		3	0.10443831	0.1013	0.00014999	0.00464969	0.00159989	PASS
P	P	540	T	P	5	23	3.06696	1	0.02271666	1.64365547	parallel	P:5	0		6	0.25341279	0.2439	0.00014999	0.00464969	0.00159989	PASS
E	E	572	Q	E	5	23	2.82	1	0.25440592	0.59447279	parallel	E:5	0		7	0.71829375	0.7575	0.00044996	0.01304884	0.00287974	PASS
H	H	503	P	H	3	5	3.09517	1	0.01108777	1.95515598	parallel	H:3	0		3	0.12862599	0.1299	0.00044996	0.01304884	0.00287974	PASS
G	G	839	K	G	3	9	2.82288	2	0.01929148	1.71463449	parallel	G:3	0		4	0.142679	0.139	0.00054995	0.01484865	0.00293307	PASS
H	H	665	N	H	5	23	3.01767	1	0.09825543	1.00764346	convergent	H:3; Y:2	0		6	0.91401856	0.9512	0.00224978	0.05849428	0.01028471	PASS
V	V	722	I	V	9	9	3.09517	1	0.75498888	0.12205944	convergent	L:1; T:1; V:7	2	L:2	11	2.82017079	3.1339	0.00334967	0.08374175	0.01339868	PASS
