pastml_root	consensus_root	position	mut	max_anc	ref_EEM	nbseq	evol_rate	genetic_distance	substitution_rate	findability	type_substitution	details	loss	loss_details	max_simu	variance	mean	pvalue_raw	adjust_pvalue	adjust_pvalue_fdr	detected_EEM	posmut	log-dep	log-indep	BF	correlation
P	P	540	T	P	5	23	3.06696	1	0.02271666	1.64365547	parallel	P:5	0		6	0.25341279	0.2439	0.00014999	0.00464969	0.00159989	PASS	540T	-23.174045	-33.521079	20.694067999999998	positive
E	E	572	Q	E	5	23	2.82	1	0.25440592	0.59447279	parallel	E:5	0		7	0.71829375	0.7575	0.00044996	0.01304884	0.00287974	PASS	572Q	-23.181814000000003	-33.250333000000005	20.137038	positive
H	H	665	N	H	5	23	3.01767	1	0.09825543	1.00764346	convergent	H:3; Y:2	0		6	0.91401856	0.9512	0.00224978	0.05849428	0.01028471	PASS	665N	-23.456847	-33.338151	19.762608	positive
