pastml_root	consensus_root	position	mut	max_anc	ref_EEM	nbseq	evol_rate	genetic_distance	substitution_rate	findability	type_substitution	details	loss	loss_details	max_simu	variance	mean	pvalue_raw	adjust_pvalue	adjust_pvalue_fdr	detected_EEM	posmut	log-dep	log-indep	BF	correlation
I	I	193	V	I	87	437	3.893	1	0.682957425	0.165606369	parallel	I:87	39	"I:37; L:1; M:1"	83	284.0179427	30.1223	0	0	0	PASS	193V	-1287.114797	-1319.532677	64.83576	positive
A	A	146	G	A	42	189	4.0277	1	0.165917094	0.780108866	convergent	"A:40; S:2"	16	"A:13; S:1; T:2"	25	23.42752896	7.8848	0	0	0	PASS	146G	-1109.833399	-1133.748798	47.830798	positive
D	D	71	N	D	31	541	2.63353	1	0.25549607	0.592615777	parallel	D:31	33	D:33	30	27.87319996	10.7498	0	0	0	PASS	71N	-1392.472721	-1443.809565	102.673688	positive
I	L	254	C	L	38	229	9.53583	2	0.06337321	1.198094293	convergent	"I:1; L:26; V:11"	15	"F:2; I:1; L:9; T:1; V:2"	17	4.98968316	4.0178	0	0	0	PASS	254C	-1028.649016	-1067.281358	77.264684	positive
N	S	153	S	C	83	781	9.53584	1	0.041972946	1.377030543	convergent	"A:11; C:68; N:3; T:1"	136	"A:49; C:51; G:4; L:17; M:1; N:13; T:1"	71	110.7287174	26.9016	0	0	0	PASS	153S	-1509.283423	-1544.748617	70.930388	positive
A	A	280	S	A	44	135	1.54265	1	0.379624936	0.420645269	parallel	A:44	13	"A:11; C:1; I:1"	29	26.71664375	9.7275	0	0	0	PASS	280S	-1054.776971	-1084.168561	58.78318	positive
V	C	198	C	V	6	1226	0.80535	2	0.138907697	0.85727369	parallel	V:6	18	"F:1; L:1; V:16"	5	0.664904	0.636	0	0	0	PASS	198C	-950.985017	-975.23815	48.506266	positive
S	S	269	A	S	41	241	2.64763	1	0.298826113	0.524581455	convergent	"S:34; T:7"	14	"S:9; T:5"	41	62.90882396	14.6902	0.0001	0.0311	0.000675472	PASS	269A	-1061.632258	-1072.059439	20.854362	positive
Q	A	224	A	Q	6	1447	0.24331	2	0.034977033	1.456217032	parallel	Q:6	1	G:1	6	0.61567744	0.6016	0.0001	0.0311	0.000675472	PASS	224A	-854.447604	-887.739908	66.584608	positive
