pastml_root	consensus_root	position	mut	max_anc	ref_EEM	nbseq	evol_rate	genetic_distance	substitution_rate	findability	type_substitution	details	loss	loss_details	max_simu	variance	mean	pvalue_raw	adjust_pvalue	adjust_pvalue_fdr	detected_EEM
P	P	540	T	P	5	23	4.52431	1	0.05940552	1.22617319	parallel	P:5	0		4	0.20044636	0.2058	5e-05	0.0007	0.000175	PASS
E	E	572	Q	E	5	23	4.51935	1	0.19893438	0.70129015	parallel	E:5	0		4	0.31445584	0.3196	5e-05	0.0007	0.000175	PASS
H	H	665	N	H	5	23	4.51234	1	0.08952861	1.04803815	parallel	H:5	0		4	0.37274671	0.3823	5e-05	0.0007	0.000175	PASS
G	G	839	K	G	3	9	4.51412	2	0.0200976	1.69685591	parallel	G:3	0		2	0.06249311	0.0617	5e-05	0.0007	0.000175	PASS
L	L	749	T	L	3	5	4.38938	2	0.02269286	1.64411086	parallel	L:3	0		3	0.05739644	0.0566	0.00014999	0.0014999	0.00034998	PASS
A	A	780	S	A	5	23	4.50853	1	0.28945548	0.53841822	parallel	A:5	0		5	0.58102464	0.6256	0.00014999	0.0014999	0.00034998	PASS
A	A	573	N	A	3	15	4.26032	2	0.04135078	1.38351626	parallel	A:3	0		3	0.08957359	0.0879	0.00034997	0.00279976	0.00061245	PASS
I	I	731	V	I	7	25	4.53037	1	0.50330523	0.29816856	parallel	I:7	0		7	1.26290204	1.4286	0.00034997	0.00279976	0.00061245	PASS
F	F	505	L	F	4	17	4.50112	1	0.10013977	0.99939339	parallel	F:4	0		5	0.53821671	0.5677	0.00124988	0.00749928	0.00184528	PASS
Y	Y	751	F	Y	4	12	4.49948	1	0.17249877	0.76321401	parallel	Y:4	0		5	0.49987775	0.5335	0.00144986	0.00749928	0.00184528	PASS
K	K	878	E	K	3	19	4.47021	1	0.10729	0.96944075	parallel	K:3	0		3	0.27190144	0.2816	0.00144986	0.00749928	0.00184528	PASS
I	I	584	T	I	3	8	4.51272	1	0.12831403	0.89172586	convergent	I:2; S:1	0		4	0.33354556	0.3462	0.00434957	0.01304871	0.0050745	PASS
E	E	623	D	E	4	18	4.51894	1	0.47239217	0.32569731	parallel	E:4	0		6	0.81043951	0.9007	0.00874913	0.01749826	0.00942214	PASS
S	S	761	A	S	3	15	3.70544	1	0.25692931	0.59018635	parallel	S:3	0		4	0.53664176	0.5732	0.0160484	0.01749826	0.0160484	PASS
