pastml_root	consensus_root	position	mut	max_anc	ref_EEM	nbseq	evol_rate	genetic_distance	substitution_rate	findability	type_substitution	details	loss	loss_details	max_simu	variance	mean	pvalue_raw	adjust_pvalue	adjust_pvalue_fdr	detected_EEM	posmut	log-dep	log-indep	BF	correlation
P	P	540	T	P	5	23	4.52431	1	0.05940552	1.22617319	parallel	P:5	0		4	0.20044636	0.2058	5e-05	0.0007	0.000175	PASS	540T	-18.086141	-23.762103	11.351924	positive
E	E	572	Q	E	5	23	4.51935	1	0.19893438	0.70129015	parallel	E:5	0		4	0.31445584	0.3196	5e-05	0.0007	0.000175	PASS	572Q	-18.210568	-23.871331	11.321525999999999	positive
H	H	665	N	H	5	23	4.51234	1	0.08952861	1.04803815	parallel	H:5	0		4	0.37274671	0.3823	5e-05	0.0007	0.000175	PASS	665N	-18.12049	-23.967307	11.693634	positive
A	A	780	S	A	5	23	4.50853	1	0.28945548	0.53841822	parallel	A:5	0		5	0.58102464	0.6256	0.00014999	0.0014999	0.00034998	PASS	780S	-18.42366	-23.834327	10.821334	positive
I	I	731	V	I	7	25	4.53037	1	0.50330523	0.29816856	parallel	I:7	0		7	1.26290204	1.4286	0.00034997	0.00279976	0.00061245	PASS	731V	-22.844445	-27.293653999999997	8.898418	positive
F	F	505	L	F	4	17	4.501119999999999	1	0.10013977	0.99939339	parallel	F:4	0		5	0.53821671	0.5677	0.00124988	0.00749928	0.00184528	PASS	505L	-21.207348	-24.442429	6.470162	positive
Y	Y	751	F	Y	4	12	4.49948	1	0.17249877	0.76321401	parallel	Y:4	0		5	0.49987775	0.5335	0.00144986	0.00749928	0.00184528	PASS	751F	-21.782407	-23.827084	4.089354	positive
E	E	623	D	E	4	18	4.51894	1	0.47239217	0.32569731	parallel	E:4	0		6	0.81043951	0.9007	0.00874913	0.01749826	0.00942214	PASS	623D	-24.541774	-27.449748	5.815948000000001	positive
