pastml_root	consensus_root	position	mut	max_anc	ref_EEM	nbseq	evol_rate	genetic_distance	substitution_rate	findability	type_substitution	details	loss	loss_details	max_simu	variance	mean	pvalue_raw	adjust_pvalue	adjust_pvalue_fdr	detected_EEM
P	P	540	T	P	5	23	5.48562	1	0.05940552	1.22617319	parallel	P:5	0		3	0.23041536	0.2408	5e-05	0.0007	0.000175	PASS
E	E	572	Q	E	5	23	5.49454	1	0.19893438	0.70129015	parallel	E:5	0		4	0.364159	0.371	5e-05	0.0007	0.000175	PASS
A	A	573	N	A	3	15	4.91485	2	0.04135078	1.38351626	parallel	A:3	0		2	0.08965391	0.0897	5e-05	0.0007	0.000175	PASS
L	L	749	T	L	3	5	5.2294	2	0.02269286	1.64411086	parallel	L:3	0		2	0.06706199	0.0651	5e-05	0.0007	0.000175	PASS
G	G	839	K	G	3	9	5.33297	2	0.0200976	1.69685591	parallel	G:3	0		3	0.06679759	0.0671	0.00014999	0.0014999	0.00041997	PASS
H	H	665	N	H	5	23	5.49766	1	0.08952861	1.04803815	parallel	H:5	0		5	0.44137056	0.4712	0.00024998	0.00224982	0.00058329	PASS
A	A	780	S	A	5	23	5.44217	1	0.28945548	0.53841822	parallel	A:5	0		6	0.71087879	0.7261	0.00054995	0.0043996	0.0010999	PASS
Y	Y	751	F	Y	4	12	5.43827	1	0.17249877	0.76321401	parallel	Y:4	0		6	0.61314799	0.6351	0.00294971	0.02064797	0.00496951	PASS
F	F	505	L	F	4	17	5.43728	1	0.10013977	0.99939339	parallel	F:4	0		6	0.64903351	0.6843	0.00344966	0.02069796	0.00496951	PASS
E	E	623	D	E	5	19	5.49441	1	0.47239217	0.32569731	parallel	E:5	1	K:1	6	1.00279375	1.0975	0.00354965	0.02069796	0.00496951	PASS
S	S	761	A	S	3	15	3.75866	1	0.25692931	0.59018635	parallel	S:3	0		5	0.54482775	0.5915	0.01814819	0.07259276	0.02292271	PASS
I	I	731	V	I	5	23	5.4385	1	0.50330523	0.29816856	parallel	I:5	0		7	1.46708751	1.7057	0.01964804	0.07259276	0.02292271	PASS
Y	Y	618	F	Y	3	5	5.16254	1	0.17249877	0.76321401	parallel	Y:3	0		5	0.57406704	0.6036	0.02134787	0.07259276	0.02299001	PASS
I	I	584	V	I	4	6	5.4975	1	0.50330523	0.29816856	parallel	I:4	0		10	1.49096444	1.6834	0.07964204	0.07964204	0.07964204	PASS
