pastml_root	consensus_root	position	mut	max_anc	ref_EEM	nbseq	evol_rate	genetic_distance	substitution_rate	findability	type_substitution	details	loss	loss_details	max_simu	variance	mean	pvalue_raw	adjust_pvalue	adjust_pvalue_fdr	detected_EEM	posmut	log-dep	log-indep	BF	correlation
P	P	540	T	P	5	23	5.48562	1	0.05940552	1.22617319	parallel	P:5	0		3	0.23041536	0.2408	5e-05	0.0007	0.000175	PASS	540T	-18.686031	-24.287035	11.202008	positive
E	E	572	Q	E	5	23	5.49454	1	0.19893438	0.70129015	parallel	E:5	0		4	0.364159	0.371	5e-05	0.0007	0.000175	PASS	572Q	-18.76265	-24.243087	10.960874	positive
H	H	665	N	H	5	23	5.49766	1	0.08952861	1.04803815	parallel	H:5	0		5	0.44137056	0.4712	0.00024998	0.00224982	0.00058329	PASS	665N	-18.551461	-24.257614999999998	11.412308	positive
A	A	780	S	A	5	23	5.44217	1	0.28945548	0.53841822	parallel	A:5	0		6	0.71087879	0.7261	0.00054995	0.0043996	0.0010999	PASS	780S	-18.544361	-24.212298999999998	11.335875999999999	positive
Y	Y	751	F	Y	4	12	5.438269999999999	1	0.17249877	0.76321401	parallel	Y:4	0		6	0.61314799	0.6351	0.00294971	0.02064797	0.00496951	PASS	751F	-22.580442	-24.090543	3.020202	positive
F	F	505	L	F	4	17	5.43728	1	0.10013977	0.99939339	parallel	F:4	0		6	0.64903351	0.6843	0.00344966	0.02069796	0.00496951	PASS	505L	-22.446039000000003	-26.109510999999998	7.326944	positive
E	E	623	D	E	5	19	5.49441	1	0.47239217	0.32569731	parallel	E:5	1	K:1	6	1.00279375	1.0975	0.00354965	0.02069796	0.00496951	PASS	623D	-28.150381	-30.138421	3.9760800000000005	positive
I	I	731	V	I	5	23	5.4385	1	0.50330523	0.29816856	parallel	I:5	0		7	1.46708751	1.7057	0.01964804	0.07259276	0.02292271	PASS	731V	-18.694249	-24.15181	10.915122	positive
