pastml_root	consensus_root	position	mut	max_anc	ref_EEM	nbseq	evol_rate	genetic_distance	substitution_rate	findability	type_substitution	details	loss	loss_details	max_simu	variance	mean	pvalue_raw	adjust_pvalue	adjust_pvalue_fdr	detected_EEM
A	A	573	N	A	3	15	1.73581	2	0.04135078	1.38351626	parallel	A:3	0		2	0.07487831	0.0763	5e-05	0.002	0.00199987	PASS
H	H	665	N	H	5	23	1.78038	1	0.08952861	1.04803815	parallel	H:5	0		5	0.38524911	0.4033	0.00014999	0.00584961	0.00199987	PASS
L	L	749	T	L	3	5	2.58314	2	0.02269286	1.64411086	parallel	L:3	0		3	0.085604	0.086	0.00014999	0.00584961	0.00199987	PASS
A	A	780	S	A	5	23	1.66831	1	0.28945548	0.53841822	parallel	A:5	0		5	0.591879	0.611	0.00034997	0.01294889	0.00279976	PASS
G	G	839	K	G	3	9	3.25843	2	0.0200976	1.69685591	parallel	G:3	0		3	0.11532679	0.1139	0.00034997	0.01294889	0.00279976	PASS
P	P	540	T	P	5	23	5.77113	1	0.05940552	1.22617319	parallel	P:5	0		7	0.62249671	0.6323	0.00044996	0.0157486	0.00299973	PASS
E	E	572	Q	E	5	23	5.6637	1	0.19893438	0.70129015	parallel	E:5	0		6	0.78622319	0.8209	0.00114989	0.03909626	0.0065708	PASS
