pastml_root	consensus_root	position	mut	max_anc	ref_EEM	nbseq	evol_rate	genetic_distance	substitution_rate	findability	type_substitution	details	loss	loss_details	max_simu	variance	mean	pvalue_raw	adjust_pvalue	adjust_pvalue_fdr	detected_EEM	posmut	log-dep	log-indep	BF	correlation
H	H	665	N	H	5	23	1.7803799999999999	1	0.08952861	1.04803815	parallel	H:5	0		5	0.38524911	0.4033	0.00014999	0.00584961	0.00199987	PASS	665N	-92.017301	-93.497315	2.960028	positive
A	A	780	S	A	5	23	1.66831	1	0.28945548	0.53841822	parallel	A:5	0		5	0.591879	0.611	0.00034997	0.01294889	0.00279976	PASS	780S	-92.002851	-93.32956999999999	2.653438	positive
P	P	540	T	P	5	23	5.77113	1	0.05940552	1.22617319	parallel	P:5	0		7	0.62249671	0.6323	0.00044996	0.015748599999999998	0.00299973	PASS	540T	-92.00289599999999	-93.352655	2.699518	positive
E	E	572	Q	E	5	23	5.6637	1	0.19893438	0.70129015	parallel	E:5	0		6	0.78622319	0.8209	0.00114989	0.03909626	0.0065708	PASS	572Q	-92.173199	-93.222054	2.0977099999999997	positive
