pastml_root	consensus_root	position	mut	max_anc	ref_EEM	nbseq	evol_rate	genetic_distance	substitution_rate	findability	type_substitution	details	loss	loss_details	max_simu	variance	mean	pvalue_raw	adjust_pvalue	adjust_pvalue_fdr	detected_EEM
A	A	573	N	A	3	15	1.60806	2	0.04135078	1.38351626	parallel	A:3	0		2	0.07118716	0.0722	5e-05	0.0016	0.00159989	PASS
E	E	572	Q	E	5	23	2.49358	1	0.19893438	0.70129015	parallel	E:5	0		5	0.44010775	0.4565	0.00014999	0.00464969	0.00159989	PASS
L	L	749	T	L	4	6	3.90935	2	0.02269286	1.64411086	parallel	L:4	0		4	0.15234975	0.1495	0.00014999	0.00464969	0.00159989	PASS
P	P	540	T	P	5	23	3.73169	1	0.05940552	1.22617319	parallel	P:5	0		5	0.44568124	0.4374	0.00024998	0.00724942	0.00199984	PASS
A	A	780	S	A	5	23	1.74539	1	0.28945548	0.53841822	parallel	A:5	0		6	0.59921264	0.6356	0.00034997	0.00979916	0.00223981	PASS
G	G	839	K	G	3	9	3.18577	2	0.0200976	1.69685591	parallel	G:3	0		3	0.11686416	0.1172	0.00044996	0.01214892	0.00239979	PASS
H	H	665	N	H	5	23	3.17743	1	0.08952861	1.04803815	convergent	H:3; Y:2	0		5	0.638159	0.671	0.00074993	0.01949818	0.00342825	PASS
V	V	722	I	V	9	9	6.32981	1	0.63547676	0.19690033	convergent	T:1; V:8	2	L:2	10	2.72612604	3.0086	0.00164984	0.041246	0.00659936	PASS
