pastml_root	consensus_root	position	mut	max_anc	ref_EEM	nbseq	evol_rate	genetic_distance	substitution_rate	findability	type_substitution	details	loss	loss_details	max_simu	variance	mean	pvalue_raw	adjust_pvalue	adjust_pvalue_fdr	detected_EEM	posmut	log-dep	log-indep	BF	correlation
E	E	572	Q	E	5	23	2.49358	1	0.19893438	0.70129015	parallel	E:5	0		5	0.44010775	0.4565	0.00014999	0.00464969	0.00159989	PASS	572Q	-22.462566	-31.961676	18.99822	positive
P	P	540	T	P	5	23	3.73169	1	0.05940552	1.22617319	parallel	P:5	0		5	0.44568124	0.4374	0.00024998	0.00724942	0.00199984	PASS	540T	-22.646929999999998	-31.943907	18.593954	positive
A	A	780	S	A	5	23	1.7453900000000002	1	0.28945548	0.53841822	parallel	A:5	0		6	0.59921264	0.6356	0.00034997	0.00979916	0.00223981	PASS	780S	-22.544322	-31.867860999999998	18.647078	positive
H	H	665	N	H	5	23	3.1774299999999998	1	0.08952861	1.04803815	convergent	H:3; Y:2	0		5	0.638159	0.6709999999999999	0.00074993	0.01949818	0.00342825	PASS	665N	-22.524179	-31.923434000000004	18.79851	positive
