pastml_root	consensus_root	position	mut	max_anc	ref_EEM	nbseq	evol_rate	genetic_distance	substitution_rate	findability	type_substitution	details	loss	loss_details	max_simu	variance	mean	pvalue_raw	adjust_pvalue	adjust_pvalue_fdr	detected_EEM	posmut	log-dep	log-indep	BF	correlation
H	H	665	N	H	7	25	4.26215	1	0.08952861	1.04803815	parallel	H:7	0		5	0.79935919	0.8241	5e-05	0.0033	0.00066	PASS	665N	-27.788607	-34.070007000000004	12.5628	positive
F	F	611	L	F	13	32	5.93699	1	0.10013977	0.99939339	parallel	F:13	0		7	1.56075776	1.3832	5e-05	0.0033	0.00066	PASS	611L	-44.923536	-46.606572	3.366072	positive
A	A	780	S	A	5	22	1.84445	1	0.28945548	0.53841822	parallel	A:5	0		5	0.61325536	0.6592	0.00034997	0.02029826	0.00209982	PASS	780S	-25.673159	-34.742906	18.139494	positive
S	S	620	C	S	4	17	5.9257800000000005	1	0.1515747	0.81937329	convergent	A:1; S:3	3	A:1; F:1; S:1	4	0.23544400000000001	0.23399999999999999	0.00034997	0.02029826	0.00209982	PASS	620C	-32.715303999999996	-37.709208000000004	9.987808	positive
R	R	588	L	I	4	5	5.93689	1	0.11993434	0.92105647	convergent	I:3; R:1	1	Y:1	6	0.31237439	0.3081	0.00044996	0.024747799999999997	0.00228441	PASS	588L	-31.726964000000002	-33.357620000000004	3.2613119999999998	positive
E	E	572	Q	E	6	21	5.78303	1	0.19893438	0.70129015	parallel	E:6	0		6	0.84092176	0.8732	0.00044996	0.024747799999999997	0.00228441	PASS	572Q	-32.159887	-34.200511	4.081248	positive
P	P	540	T	P	5	23	5.30366	1	0.05940552	1.22617319	parallel	P:5	0		5	0.59491775	0.5865	0.00064994	0.03379688	0.002681	PASS	540T	-22.282614000000002	-31.061438	17.557648	positive
L	L	749	T	M	3	4	4.96542	1	0.05271843	1.27803757	convergent	L:1; M:2	0		5	0.20991516	0.2022	0.0020498	0.092241	0.0061494	PASS	749T	-30.908653	-31.914671999999996	2.012038	positive
