pastml_root	consensus_root	position	mut	max_anc	ref_EEM	nbseq	evol_rate	genetic_distance	substitution_rate	findability	type_substitution	details	loss	loss_details	max_simu	variance	mean	pvalue_raw	adjust_pvalue	adjust_pvalue_fdr	detected_EEM	posmut	log-dep	log-indep	BF	correlation
F	F	611	L	F	13	32	5.9396	1	0.100139774	0.999393395	parallel	F:13	0		9	1.59224639	1.3769	0	0	0	PASS	611L	-45.297769	-46.506313	2.417088	positive
H	H	665	N	H	7	25	4.26559	1	0.089528611	1.048038154	parallel	H:7	0		6	0.79083031	0.8187	0	0	0	PASS	665N	-27.804694	-33.900961	12.192534	positive
S	S	620	C	S	4	17	5.92844	1	0.151574698	0.819373289	convergent	"A:1; S:3"	3	"A:1; F:1; S:1"	4	0.24374039	0.2469	0.0001	0.0061	0.0011	PASS	620C	-32.766692	-37.671204	9.809024	positive
E	E	572	Q	E	6	21	5.78602	1	0.198934383	0.701290149	parallel	E:6	0		6	0.82655319	0.8459	0.0003	0.0174	0.0018	PASS	572Q	-32.045972	-34.261702	4.43146	positive
P	P	540	T	P	5	23	5.30708	1	0.059405522	1.226173186	parallel	P:5	0		6	0.58838816	0.5928	0.0004	0.022	0.0022	PASS	540T	-22.191627	-31.191051	17.998848	positive
R	R	588	L	I	4	5	5.9395	1	0.119934336	0.921056466	convergent	"I:3; R:1"	1	Y:1	4	0.309936	0.308	0.0006	0.0312	0.00264	PASS	588L	-31.66913	-33.23878	3.1393	positive
A	A	780	S	A	5	22	1.84424	1	0.289455481	0.538418222	parallel	A:5	0		6	0.65362204	0.6714	0.0007	0.0357	0.0028875	PASS	780S	-25.462429	-34.375581	17.826304	positive
