pastml_root	consensus_root	position	mut	max_anc	ref_EEM	nbseq	evol_rate	genetic_distance	substitution_rate	findability	type_substitution	details	loss	loss_details	max_simu	variance	mean	pvalue_raw	adjust_pvalue	adjust_pvalue_fdr	detected_EEM
P	P	540	T	P	5.0	23	6.10109	1	0.05940552	1.22617319	parallel	P:5	0		3	0.28837391	0.2897	5e-05	0.00085	0.000425	PASS
E	E	572	Q	E	5.0	23	6.10213	1	0.19893438	0.70129015	parallel	E:5	0		4	0.43391516	0.4522	5e-05	0.00085	0.000425	PASS
H	H	665	N	H	5.0	23	6.05343	1	0.08952861	1.04803815	parallel	H:5	0		6	0.501476	0.518	0.00014999	0.00224985	0.00063746	PASS
L	L	749	T	L	3.0	5	5.7752	2	0.02269286	1.64411086	parallel	L:3	0		3	0.08065344	0.0784	0.00014999	0.00224985	0.00063746	PASS
G	G	839	K	G	3.0	9	5.91662	2	0.0200976	1.69685591	parallel	G:3	0		3	0.08699351	0.0843	0.00034997	0.00454961	0.0011899	PASS
A	A	780	S	A	5.0	23	6.03727	1	0.28945548	0.53841822	parallel	A:5	0		5	0.79708711	0.8483	0.00054995	0.0065994	0.00155819	PASS
K	K	557	Q	K	4.0	6	6.10006	1	0.17308663	0.76173647	parallel	K:4	0		4	0.41334191	0.4303	0.00064994	0.00714934	0.00157843	PASS
A	A	573	N	A	3.0	15	6.08445	2	0.04135078	1.38351626	parallel	A:3	0		3	0.13467024	0.1324	0.00074993	0.0074993	0.0015936	PASS
Y	Y	751	F	Y	4.0	12	6.04596	1	0.17249877	0.76321401	parallel	Y:4	0		6	0.70099324	0.7526	0.00524948	0.04724532	0.00981266	PASS
E	Q	474	K	Q	3.0	10	5.90179	1	0.11945125	0.9228093	convergent	E:1; Q:2	0		5	0.36349559	0.3771	0.00584942	0.04724532	0.00981266	PASS
F	F	505	L	F	4.0	17	6.04721	1	0.10013977	0.99939339	parallel	F:4	0		6	0.73663399	0.7949	0.00634937	0.04724532	0.00981266	PASS
Q	Q	630	H	Q	3.0	4	6.08076	1	0.24422054	0.61221782	parallel	Q:3	0		4	0.42458076	0.4382	0.00884912	0.05309472	0.01253625	PASS
S	S	761	A	S	3.0	15	3.31578	1	0.25692931	0.59018635	parallel	S:3	0		5	0.515399	0.551	0.01494851	0.07474255	0.01954805	PASS
E	E	623	D	E	4.0	18	6.07694	1	0.47239217	0.32569731	parallel	E:4	0		6	1.18020124	1.2874	0.0350465	0.140186	0.04255646	NOT PASS
I	I	731	V	I	5.0	23	6.03399	1	0.50330523	0.29816856	parallel	I:5	0		8	1.757304	1.936	0.04044596	0.140186	0.04583875	NOT PASS
I	I	723	V	I	4.0	14	6.09382	1	0.50330523	0.29816856	parallel	I:4	0		9	1.74114231	1.9387	0.12183782	0.24367564	0.12933707	NOT PASS
E	E	803	D	E	3.0	5	6.07951	1	0.47239217	0.32569731	parallel	E:3	0		7	1.18874599	1.2701	0.12933707	0.24367564	0.12933707	NOT PASS
