pastml_root	consensus_root	position	mut	max_anc	ref_EEM	nbseq	evol_rate	genetic_distance	substitution_rate	findability	type_substitution	details	loss	loss_details	max_simu	variance	mean	pvalue_raw	adjust_pvalue	adjust_pvalue_fdr	detected_EEM	posmut	log-dep	log-indep	BF	correlation
P	P	540	T	P	5.0	23	6.10109	1	0.05940552	1.22617319	parallel	P:5	0		3	0.28837391	0.2897	5e-05	0.00085	0.000425	PASS	540T	-19.395642000000002	-25.652626	12.513967999999998	positive
E	E	572	Q	E	5.0	23	6.102130000000001	1	0.19893438	0.70129015	parallel	E:5	0		4	0.43391516	0.4522	5e-05	0.00085	0.000425	PASS	572Q	-19.530542999999998	-25.731771	12.402455999999999	positive
H	H	665	N	H	5.0	23	6.0534300000000005	1	0.08952861	1.04803815	parallel	H:5	0		6	0.501476	0.518	0.00014999	0.00224985	0.00063746	PASS	665N	-19.368991	-25.921034	13.104086	positive
A	A	780	S	A	5.0	23	6.0372699999999995	1	0.28945548	0.53841822	parallel	A:5	0		5	0.79708711	0.8483	0.00054995	0.0065994	0.00155819	PASS	780S	-19.363573000000002	-25.838425	12.949703999999999	positive
Y	Y	751	F	Y	4.0	12	6.04596	1	0.17249877	0.76321401	parallel	Y:4	0		6	0.70099324	0.7526	0.00524948	0.04724532	0.00981266	PASS	751F	-23.385942	-25.575516	4.379148000000001	positive
F	F	505	L	F	4.0	17	6.04721	1	0.10013977	0.99939339	parallel	F:4	0		6	0.73663399	0.7949	0.00634937	0.04724532	0.00981266	PASS	505L	-23.011806	-26.690926	7.3582399999999994	positive
