pastml_root	consensus_root	position	mut	max_anc	ref_EEM	nbseq	evol_rate	genetic_distance	substitution_rate	findability	type_substitution	details	loss	loss_details	max_simu	variance	mean	pvalue_raw	adjust_pvalue	adjust_pvalue_fdr	detected_EEM
P	P	540	T	P	5	23	1.58329	1	0.05940552	1.22617319	parallel	P:5	0		4	0.487536	0.492	5e-05	0.0061	0.0061	PASS
E	E	572	Q	E	6	24	1.57889	1	0.19893438	0.70129015	parallel	E:6	0		6	0.70754375	0.7325	0.00024998	0.03024758	0.01524878	PASS
E	A	623	T	A	7	12	5.7456	1	0.36373374	0.43921641	parallel	A:7	4	A:1; D:2; S:1	9	0.88043324	0.8026	0.00044996	0.0539952	0.01829837	PASS
F	F	794	S	F	4	11	1.64363	1	0.03714863	1.43005725	parallel	F:4	0		5	0.38809775	0.3985	0.00064994	0.07734286	0.01982317	PASS
