pastml_root	consensus_root	position	mut	max_anc	ref_EEM	nbseq	evol_rate	genetic_distance	substitution_rate	findability	type_substitution	details	loss	loss_details	max_simu	variance	mean	pvalue_raw	adjust_pvalue	adjust_pvalue_fdr	detected_EEM
W	G	854	A	G	4	8	4.60891	1	0.13323961	0.87536664	parallel	G:4	0		4	0.095679	0.089	0.00024998	0.00724942	0.00507452	PASS
E	E	572	Q	E	5	23	4.63424	1	0.19893438	0.70129015	parallel	E:5	0		5	0.65866911	0.7033	0.00044996	0.01259888	0.00507452	PASS
P	P	540	T	P	5	23	4.54543	1	0.05940552	1.22617319	parallel	P:5	0		6	0.48755239	0.4931	0.00054995	0.01484865	0.00507452	PASS
G	G	839	K	G	3	9	3.68926	2	0.0200976	1.69685591	parallel	G:3	0		3	0.13480384	0.1296	0.00084992	0.02209792	0.00507452	PASS
L	L	749	T	I	3	5	4.35636	1	0.12831403	0.89172586	convergent	I:2; L:1	0		5	0.17988159	0.1721	0.00094991	0.02374775	0.00507452	PASS
E	D	803	E	D	5	17	4.64787	1	0.39176762	0.40697146	reversion, parallel	D:5	4	D:1; Q:2; V:1	6	0.29420751	0.2193	0.0010499	0.0251976	0.00507452	PASS
H	H	665	N	H	5	23	4.48041	1	0.08952861	1.04803815	parallel	H:5	0		6	0.77538224	0.8076	0.00124988	0.02874724	0.00517807	PASS
A	A	780	S	A	5	23	2.47504	1	0.28945548	0.53841822	parallel	A:5	0		7	0.78805584	0.8196	0.00164984	0.03629648	0.00598067	PASS
A	A	573	N	A	3	15	4.35361	2	0.04135078	1.38351626	convergent	A:2; G:1	0		4	0.234911	0.233	0.0020498	0.0430458	0.00660491	PASS
