pastml_root	consensus_root	position	mut	max_anc	ref_EEM	nbseq	evol_rate	genetic_distance	substitution_rate	findability	type_substitution	details	loss	loss_details	max_simu	variance	mean	pvalue_raw	adjust_pvalue	adjust_pvalue_fdr	detected_EEM	posmut	log-dep	log-indep	BF	correlation
E	E	572	Q	E	5	23	4.63424	1	0.19893438	0.70129015	parallel	E:5	0		5	0.65866911	0.7033	0.00044996	0.01259888	0.00507452	PASS	572Q	-57.813225	-60.085917	4.545383999999999	positive
P	P	540	T	P	5	23	4.5454300000000005	1	0.05940552	1.22617319	parallel	P:5	0		6	0.48755239	0.4931	0.00054995	0.01484865	0.00507452	PASS	540T	-57.956939	-60.14988100000001	4.385884	positive
H	H	665	N	H	5	23	4.48041	1	0.08952861	1.04803815	parallel	H:5	0		6	0.77538224	0.8076	0.00124988	0.02874724	0.00517807	PASS	665N	-57.571737	-60.187339	5.231204	positive
A	A	780	S	A	5	23	2.4750400000000004	1	0.28945548	0.53841822	parallel	A:5	0		7	0.78805584	0.8196	0.00164984	0.03629648	0.00598067	PASS	780S	-57.743704	-60.088252000000004	4.689096	positive
