pastml_root	consensus_root	position	mut	max_anc	ref_EEM	nbseq	evol_rate	genetic_distance	substitution_rate	findability	type_substitution	details	loss	loss_details	max_simu	variance	mean	pvalue_raw	adjust_pvalue	adjust_pvalue_fdr	detected_EEM
H	H	519	P	H	3.0	15	2.88129	1	0.01108777	1.95515598	convergent	H:2; Q:1	0		3	0.10675351	0.1093	0.00014999	0.00569962	0.00569962	PASS
P	P	540	T	P	5.0	23	3.05906	1	0.02271666	1.64365547	parallel	P:5	0		5	0.22437551	0.2143	0.00034997	0.01294889	0.00664943	PASS
G	G	839	K	G	3.0	9	2.88083	2	0.01929148	1.71463449	parallel	G:3	0		3	0.119744	0.116	0.00074993	0.02699748	0.00721932	PASS
E	E	572	Q	E	5.0	23	3.07688	1	0.25440592	0.59447279	parallel	E:5	0		5	0.70104924	0.7226	0.00084992	0.0297472	0.00721932	PASS
L	L	749	T	L	3.0	5	3.07692	2	0.03231953	1.49053497	parallel	L:3	0		4	0.14602239	0.1431	0.00094991	0.03229694	0.00721932	PASS
E	E	474	A	E	4.0	24	3.07899	1	0.06399568	1.19384933	convergent	E:3; T:1	3	H:1; T:2	6	0.45924764	0.4606	0.00124988	0.04124604	0.00787067	PASS
A	A	573	N	A	3.0	15	3.02754	2	0.02223037	1.65305327	parallel	A:3	0		4	0.14021311	0.1367	0.00144986	0.04639552	0.00787067	PASS
H	H	665	N	H	5.0	23	3.06255	1	0.09825543	1.00764346	parallel	H:5	0		6	0.83928551	0.8643	0.00214979	0.06664349	0.00949907	PASS
E	E	803	K	E	4.0	7	3.07901	1	0.11135918	0.95327396	parallel	E:4	3	N:2; R:1	5	0.51958396	0.5402	0.00224978	0.0674934	0.00949907	PASS
