pastml_root	consensus_root	position	mut	max_anc	ref_EEM	nbseq	evol_rate	genetic_distance	substitution_rate	findability	type_substitution	details	loss	loss_details	max_simu	variance	mean	pvalue_raw	adjust_pvalue	adjust_pvalue_fdr	detected_EEM
H	H	665	N	H	5	23	1.78038	1	0.08952861	1.04803815	parallel	H:5	0		4	0.402975	0.415	5e-05	0.002	0.0014999	PASS
A	A	573	N	A	3	15	1.73581	2	0.04135078	1.38351626	parallel	A:3	0		3	0.08010876	0.0818	0.00014999	0.00584961	0.0014999	PASS
L	L	749	T	L	3	5	2.58314	2	0.02269286	1.64411086	parallel	L:3	0		3	0.08459351	0.0843	0.00014999	0.00584961	0.0014999	PASS
G	G	839	K	G	3	9	3.25843	2	0.0200976	1.69685591	parallel	G:3	0		3	0.11146775	0.1115	0.00014999	0.00584961	0.0014999	PASS
A	A	780	S	A	5	23	1.66832	1	0.28945548	0.53841822	parallel	A:5	0		6	0.57567644	0.5934	0.00054995	0.0197982	0.0043996	PASS
P	P	540	T	P	5	23	5.77112	1	0.05940552	1.22617319	parallel	P:5	0		7	0.64603644	0.6434	0.00084992	0.0297472	0.00542806	PASS
E	E	572	Q	E	5	23	5.66369	1	0.19893438	0.70129015	parallel	E:5	0		6	0.79929056	0.8288	0.00094991	0.03229694	0.00542806	PASS
