pastml_root	consensus_root	position	mut	max_anc	ref_EEM	nbseq	evol_rate	genetic_distance	substitution_rate	findability	type_substitution	details	loss	loss_details	max_simu	variance	mean	pvalue_raw	adjust_pvalue	adjust_pvalue_fdr	detected_EEM	posmut	log-dep	log-indep	BF	correlation
H	H	665	N	H	5	23	1.7803799999999999	1	0.08952861	1.04803815	parallel	H:5	0		4	0.402975	0.415	5e-05	0.002	0.0014999	PASS	665N	-22.437438	-32.119671000000004	19.364466	positive
A	A	780	S	A	5	23	1.66832	1	0.28945548	0.53841822	parallel	A:5	0		6	0.57567644	0.5934	0.00054995	0.0197982	0.0043996	PASS	780S	-22.324438	-32.080063	19.51125	positive
P	P	540	T	P	5	23	5.77112	1	0.05940552	1.22617319	parallel	P:5	0		7	0.64603644	0.6434	0.00084992	0.029747199999999998	0.00542806	PASS	540T	-22.326116	-32.096821999999996	19.541412	positive
E	E	572	Q	E	5	23	5.66369	1	0.19893438	0.70129015	parallel	E:5	0		6	0.79929056	0.8288	0.00094991	0.03229694	0.00542806	PASS	572Q	-22.43271	-31.951519	19.037618	positive
