Sites	Indel_prop	Indel_prop(ConvLeaves)	PCOC	PC	OC
487	0.0	0.0	3.05209684451e-10	0.872612224582	8.83834771038e-10
518	0.0	0.0	0.607835865468	0.0524556167484	0.987964879838
526	0.0	0.0	6.91797314746e-10	0.831299214151	1.08756456097e-08
584	0.0	0.0	0.00900055339771	0.9563726398	0.00919259829099
588	0.0	0.0	0.514511002934	0.99994660131	0.00181465223871
620	0.0	0.0	0.0355858529556	0.812671126881	0.0171152135546
705	0.0	0.0	7.44028662609e-16	0.815180127333	2.49244941448e-15
731	0.0138888888889	0.0454545454545	0.0246594457349	0.0109884180172	0.622425267943
780	0.0277777777778	0.0909090909091	0.225210312477	0.351123891101	0.773151671037
865	0.0416666666667	0.136363636364	3.81786336536e-12	0.840910095974	1.24519721442e-10
909	0.0	0.0	0.5	0.5	0.5
