pastml_root	consensus_root	position	mut	max_anc	ref_EEM	nbseq	evol_rate	genetic_distance	substitution_rate	findability	type_substitution	details	loss	loss_details	max_simu	variance	mean	pvalue_raw	adjust_pvalue	adjust_pvalue_fdr	detected_EEM	posmut	log-dep	log-indep	BF	correlation
A	A	154	S	A	48	654	1.64936	1	0.289455481	0.538418222	convergent	"A:40; T:8"	25	"A:9; T:16"	28	21.439775	10.245	0	0	0	PASS	154S	-1100.424698	-1128.658182	56.466968	positive
Y	Y	262	Y	W	56	1181	6.43604	2	0.010140627	1.993935213	convergent	"F:27; W:29"	60	"F:47; H:2; W:11"	40	44.66829711	7.8767	0	0	0	PASS	262Y	-1283.147076	-1309.601047	52.907942	positive
N	S	153	C	S	59	625	11.86928	1	0.151574698	0.819373289	convergent	"A:5; L:2; S:52"	111	"A:16; F:1; G:1; L:21; M:2; N:2; S:66; T:1; V:1"	17	5.61057104	4.2164	0	0	0	PASS	153C	-1381.879626	-1410.487474	57.215696	positive
F	F	249	Y	F	20	364	0.98941	1	0.216431124	0.664680286	parallel	F:20	3	F:3	15	6.43509596	4.7398	0	0	0	PASS	249Y	-934.09329	-955.879309	43.572038	positive
I	V	243	I	V	91	856	3.33177	1	0.635476756	0.19690033	reversion	V:91	49	V:49	55	107.117346	14.2701	0	0	0	PASS	243I	-1308.211343	-1326.85335	37.284014	positive
G	A	112	G	A	40	640	3.33177	1	0.137070188	0.863056991	convergent	"A:39; S:1"	18	"A:9; S:9"	26	13.90112551	4.0893	0	0	0	PASS	112G	-1289.12427	-1306.005711	33.762882	positive
V	I	278	L	I	61	644	6.43409	1	0.119934336	0.921056466	convergent	"F:2; I:50; V:9"	60	"F:1; G:1; I:30; M:1; V:26; W:1"	56	101.3650242	16.7828	0	0	0	PASS	278L	-1322.022313	-1333.857226	23.669826	positive
A	A	287	A	S	64	867	3.33177	1	0.256929308	0.590186352	reversion	S:64	37	"G:1; S:35; T:1"	46	54.70397436	11.6258	0	0	0	PASS	287A	-1815.04992	-1839.869581	49.639322	positive
I	I	111	M	I	8	335	0.43643	1	0.250867017	0.600556435	convergent	"I:7; V:1"	2	"I:1; V:1"	8	1.536516	1.522	0.0001	0.0299	0.000550769	PASS	111M	-1075.781084	-1099.59378	47.625392	positive
D	D	71	D	N	34	1163	1.65035	1	0.223805626	0.650129001	reversion	N:34	34	"G:3; N:31"	39	26.39580624	4.3124	0.0001	0.0299	0.000550769	PASS	71D	-1414.459519	-1481.929631	134.940224	positive
