pastml_root	consensus_root	position	mut	max_anc	ref_EEM	nbseq	evol_rate	genetic_distance	substitution_rate	findability	type_substitution	details	loss	loss_details	max_simu	variance	mean	pvalue_raw	adjust_pvalue	adjust_pvalue_fdr	detected_EEM
H	H	665	N	H	5	23	2.28282	1	0.08952861	1.04803815	parallel	H:5	0		6	0.49220796	0.5198	0.00014999	0.0059996	0.00199987	PASS
P	P	540	T	P	5	23	3.56646	1	0.05940552	1.22617319	parallel	P:5	0		5	0.40559164	0.4094	0.00014999	0.0059996	0.00199987	PASS
A	A	573	N	A	3	15	1.64024	2	0.04135078	1.38351626	parallel	A:3	0		3	0.07909375	0.0775	0.00014999	0.0059996	0.00199987	PASS
A	A	780	S	A	5	23	1.76644	1	0.28945548	0.53841822	parallel	A:5	0		5	0.62271696	0.6452	0.00064994	0.02404778	0.0064994	PASS
G	G	839	K	G	3	9	3.03609	2	0.0200976	1.69685591	parallel	G:3	0		4	0.11405759	0.1079	0.0010499	0.0377964	0.0083992	PASS
E	E	572	Q	E	5	26	5.95257	1	0.19893438	0.70129015	parallel	E:5	0		7	0.86624375	0.9125	0.00164984	0.0577444	0.01099893	PASS
