pastml_root	consensus_root	position	mut	max_anc	ref_EEM	nbseq	evol_rate	genetic_distance	substitution_rate	findability	type_substitution	details	loss	loss_details	max_simu	variance	mean	pvalue_raw	adjust_pvalue	adjust_pvalue_fdr	detected_EEM	posmut	log-dep	log-indep	BF	correlation
H	H	665	N	H	5	23	2.28282	1	0.08952861	1.04803815	parallel	H:5	0		6	0.49220796	0.5198	0.00014999	0.0059996	0.00199987	PASS	665N	-22.275045000000002	-31.535357	18.520623999999998	positive
P	P	540	T	P	5	23	3.5664599999999997	1	0.05940552	1.22617319	parallel	P:5	0		5	0.40559164	0.4094	0.00014999	0.0059996	0.00199987	PASS	540T	-22.617946	-31.555159000000003	17.874426	positive
A	A	780	S	A	5	23	1.7664400000000002	1	0.28945548	0.53841822	parallel	A:5	0		5	0.62271696	0.6452	0.00064994	0.02404778	0.0064994	PASS	780S	-22.424402	-31.498165999999998	18.147528	positive
E	E	572	Q	E	5	26	5.95257	1	0.19893438	0.70129015	parallel	E:5	0		7	0.86624375	0.9125	0.00164984	0.057744399999999994	0.01099893	PASS	572Q	-27.144183	-33.637712	12.987058	positive
