pastml_root	consensus_root	position	mut	max_anc	ref_EEM	nbseq	evol_rate	genetic_distance	substitution_rate	findability	type_substitution	details	loss	loss_details	max_simu	variance	mean	pvalue_raw	adjust_pvalue	adjust_pvalue_fdr	detected_EEM
L	L	749	T	L	3	5	2.51222	2	0.02269286	1.64411086	parallel	L:3	0		2	0.08153584	0.0804	5e-05	0.002	0.002	PASS
G	G	839	K	G	3	9	3.2978	2	0.0200976	1.69685591	parallel	G:3	0		5	0.12086719	0.1159	0.00024998	0.00974922	0.00333307	PASS
P	P	540	T	P	5	23	5.06566	1	0.05940552	1.22617319	parallel	P:5	0		5	0.53690524	0.5574	0.00024998	0.00974922	0.00333307	PASS
A	A	780	S	A	5	23	2.20267	1	0.28945548	0.53841822	parallel	A:5	0		5	0.73508896	0.7848	0.00044996	0.01664852	0.0044996	PASS
E	E	572	Q	E	5	23	5.0185	1	0.19893438	0.70129015	parallel	E:5	0		6	0.75311616	0.7872	0.0010499	0.0377964	0.00699933	PASS
H	H	665	N	H	5	23	4.10661	1	0.08952861	1.04803815	convergent	H:4; P:1	0		6	0.77117439	0.8169	0.0010499	0.0377964	0.00699933	PASS
