pastml_root	consensus_root	position	mut	max_anc	ref_EEM	nbseq	evol_rate	genetic_distance	substitution_rate	findability	type_substitution	details	loss	loss_details	max_simu	variance	mean	pvalue_raw	adjust_pvalue	adjust_pvalue_fdr	detected_EEM
A	E	796	D	E	7	9	2.20596	1	0.47239217	0.32569731	convergent	E:5; N:2	0		5	0.42845991	0.4003	5e-05	0.0069	0.0069	PASS
I	R	511	K	R	4	14	1.74462	1	0.32859892	0.48333387	parallel	R:4	0		4	0.12919975	0.1245	0.00024998	0.03424726	0.01609862	PASS
P	P	540	T	P	5	23	1.72672	1	0.05940552	1.22617319	parallel	P:5	0		6	0.58284284	0.5846	0.00034997	0.04759592	0.01609862	PASS
