pastml_root	consensus_root	position	mut	max_anc	ref_EEM	nbseq	evol_rate	genetic_distance	substitution_rate	findability	type_substitution	details	loss	loss_details	max_simu	variance	mean	pvalue_raw	adjust_pvalue	adjust_pvalue_fdr	detected_EEM
P	P	540	T	P	5	23	3.0719	1	0.02271666	1.64365547	parallel	P:5	0		3	0.22592151	0.2293	5e-05	0.002	0.00199987	PASS
E	E	803	D	E	7	11	3.07864	1	0.32312999	0.49062274	parallel	E:7	0		7	1.34692704	1.4464	0.00014999	0.00584961	0.00199987	PASS
D	D	852	V	E	3	3	3.0782	1	0.01509912	1.8210483	convergent	D:1; E:2	0		4	0.04799319	0.0459	0.00014999	0.00584961	0.00199987	PASS
L	L	749	T	L	3	5	2.20987	2	0.03231953	1.49053497	parallel	L:3	0		3	0.10830816	0.1072	0.00024998	0.00924926	0.0024998	PASS
G	G	839	K	G	3	9	2.8156	2	0.01929148	1.71463449	parallel	G:3	0		3	0.13122876	0.1318	0.00064994	0.02339784	0.00433293	PASS
A	A	573	N	A	3	15	3.07799	2	0.02223037	1.65305327	parallel	A:3	0		4	0.15012919	0.1509	0.00064994	0.02339784	0.00433293	PASS
E	E	572	Q	E	5	23	3.06182	1	0.25440592	0.59447279	parallel	E:5	0		5	0.75630544	0.8116	0.00084992	0.02889728	0.00485669	PASS
I	I	584	V	I	10	15	3.07864	1	0.68295742	0.16560637	parallel	I:10	1	I:1	11	2.95906076	3.5118	0.00144986	0.04784538	0.0072493	PASS
H	H	665	N	H	5	23	3.05851	1	0.09825543	1.00764346	convergent	H:4; P:1	0		7	0.92966544	0.9884	0.0020498	0.0655936	0.00911022	PASS
