Sites	Indel_prop	Indel_prop(ConvLeaves)	PCOC	PC	OC
14	0.0	0.0	0	0.806968677892	0
69	0.0	0.0	0	0.999843572116	0
101	0.0	0.0	0	0.999948546238	0
138	0.0	0.0	0	0.996744326179	0
139	0.0	0.0	0	0.999999999998	0
143	0.0	0.0	0	0.825965220705	0
165	0.0	0.0	0	0.920764175384	0
175	0.0	0.0	0	0.872922315765	0
188	0.0	0.0	0	0.999894785086	0
191	0.0	0.0	0	0.809912967728	0
210	0.0	0.0	0	0.999997236589	0
215	0.0	0.0	0	0.999999965342	0
219	0.0	0.0	0	0.972644468993	0
221	0.0	0.0	0	0.983516621083	0
227	0.0	0.0	0	0.838519367364	0
228	0.0	0.0	0	0.99693967564	0
