pastml_root	consensus_root	position	mut	max_anc	ref_EEM	nbseq	evol_rate	genetic_distance	substitution_rate	findability	type_substitution	details	loss	loss_details	max_simu	variance	mean	pvalue_raw	adjust_pvalue	adjust_pvalue_fdr	detected_EEM
H	H	665	N	H	5	23	2.64085	1	0.08952861	1.04803815	parallel	H:5	0		5	0.54848751	0.5807	0.00014999	0.00569962	0.00284981	PASS
P	P	540	T	P	5	23	4.70381	1	0.05940552	1.22617319	parallel	P:5	0		5	0.50909244	0.5266	0.00014999	0.00569962	0.00284981	PASS
A	A	573	N	A	3	15	2.00056	2	0.04135078	1.38351626	parallel	A:3	0		3	0.09157276	0.0918	0.00024998	0.00899928	0.00316641	PASS
E	E	572	Q	E	5	23	3.86316	1	0.19893438	0.70129015	parallel	E:5	0		5	0.6265	0.65	0.00054995	0.01924825	0.00522453	PASS
L	L	749	T	L	3	5	4.89318	2	0.02269286	1.64411086	parallel	L:3	0		4	0.184316	0.178	0.00154985	0.0526949	0.0092616	PASS
Y	Y	618	Y	F	3	50	5.85394	1	0.21643112	0.66468029	reversion, parallel	F:3	7	C:1; F:3; I:1; V:1; W:1	4	0.11491964	0.0994	0.00174983	0.05774439	0.0092616	PASS
A	A	780	S	A	5	23	2.52864	1	0.28945548	0.53841822	parallel	A:5	0		6	0.827844	0.866	0.00194981	0.06239392	0.0092616	PASS
G	G	839	K	G	3	9	5.04451	2	0.0200976	1.69685591	convergent	A:1; G:2	0		4	0.19975456	0.1888	0.00194981	0.06239392	0.0092616	PASS
