pastml_root	consensus_root	position	mut	max_anc	ref_EEM	nbseq	evol_rate	genetic_distance	substitution_rate	findability	type_substitution	details	loss	loss_details	max_simu	variance	mean	pvalue_raw	adjust_pvalue	adjust_pvalue_fdr	detected_EEM	posmut	log-dep	log-indep	BF	correlation
H	H	665	N	H	5	23	2.64085	1	0.08952861	1.04803815	parallel	H:5	0		5	0.54848751	0.5807	0.00014999	0.00569962	0.00284981	PASS	665N	-60.153454	-61.667377	3.027846	positive
P	P	540	T	P	5	23	4.70381	1	0.05940552	1.22617319	parallel	P:5	0		5	0.50909244	0.5266	0.00014999	0.00569962	0.00284981	PASS	540T	-59.88765600000001	-61.880948	3.9865839999999997	positive
E	E	572	Q	E	5	23	3.8631599999999997	1	0.19893438	0.70129015	parallel	E:5	0		5	0.6265	0.65	0.00054995	0.01924825	0.00522453	PASS	572Q	-59.868046	-61.955003000000005	4.173914	positive
A	A	780	S	A	5	23	2.52864	1	0.28945548	0.53841822	parallel	A:5	0		6	0.827844	0.866	0.00194981	0.06239392	0.0092616	PASS	780S	-59.923292000000004	-61.993990000000004	4.141396	positive
G	G	839	K	G	3	9	5.04451	2	0.0200976	1.69685591	convergent	A:1; G:2	0		4	0.19975456	0.1888	0.00194981	0.06239392	0.0092616	PASS	839K	-56.797929	-58.506926	3.417994	positive
