pastml_root	consensus_root	position	mut	max_anc	ref_EEM	nbseq	evol_rate	genetic_distance	substitution_rate	findability	type_substitution	details	loss	loss_details	max_simu	variance	mean	pvalue_raw	adjust_pvalue	adjust_pvalue_fdr	detected_EEM
P	P	540	T	P	5	23	4.29098	1	0.05940552	1.22617319	parallel	P:5	0		3	0.18902396	0.1902	5e-05	0.00065	0.00021667	PASS
E	E	572	Q	E	5	23	4.28765	1	0.19893438	0.70129015	parallel	E:5	0		4	0.30930576	0.3132	5e-05	0.00065	0.00021667	PASS
H	H	665	N	H	5	23	4.29317	1	0.08952861	1.04803815	parallel	H:5	0		4	0.367524	0.374	5e-05	0.00065	0.00021667	PASS
L	L	749	T	L	3	5	4.19586	2	0.02269286	1.64411086	parallel	L:3	0		3	0.0509	0.05	0.00014999	0.0014999	0.00046425	PASS
A	A	573	N	A	3	15	4.10015	2	0.04135078	1.38351626	parallel	A:3	0		3	0.08147136	0.0808	0.00024998	0.00224982	0.00046425	PASS
A	A	780	S	A	5	23	4.28119	1	0.28945548	0.53841822	parallel	A:5	0		5	0.55646431	0.5913	0.00024998	0.00224982	0.00046425	PASS
G	G	839	K	G	3	9	4.23199	2	0.0200976	1.69685591	parallel	G:3	0		3	0.05655279	0.0561	0.00024998	0.00224982	0.00046425	PASS
F	F	505	L	F	4	17	4.27284	1	0.10013977	0.99939339	parallel	F:4	0		4	0.50442359	0.5371	0.00114989	0.00689934	0.00186857	PASS
Y	Y	751	F	Y	4	12	4.27362	1	0.17249877	0.76321401	parallel	Y:4	0		4	0.50116736	0.5208	0.00144986	0.0072493	0.00209424	PASS
E	E	623	D	E	4	18	4.24714	1	0.47239217	0.32569731	parallel	E:4	0		6	0.81682496	0.8752	0.00934907	0.03739628	0.01140341	PASS
I	I	731	V	I	5	23	4.28021	1	0.50330523	0.29816856	parallel	I:5	0		7	1.25656591	1.3903	0.00964904	0.03739628	0.01140341	PASS
D	D	460	N	D	3	11	4.2855	1	0.2696914	0.56913291	parallel	D:3	0		5	0.49195904	0.5064	0.01374863	0.03739628	0.01489435	PASS
S	S	761	A	S	3	15	3.69174	1	0.25692931	0.59018635	parallel	S:3	0		5	0.53385791	0.5703	0.01644836	0.03739628	0.01644836	PASS
