pastml_root	consensus_root	position	mut	max_anc	ref_EEM	nbseq	evol_rate	genetic_distance	substitution_rate	findability	type_substitution	details	loss	loss_details	max_simu	variance	mean	pvalue_raw	adjust_pvalue	adjust_pvalue_fdr	detected_EEM	posmut	log-dep	log-indep	BF	correlation
P	P	540	T	P	5	23	4.29098	1	0.05940552	1.22617319	parallel	P:5	0		3	0.18902396	0.1902	5e-05	0.00065	0.00021667	PASS	540T	-18.193328	-23.845147	11.303638000000001	positive
E	E	572	Q	E	5	23	4.28765	1	0.19893438	0.70129015	parallel	E:5	0		4	0.30930576	0.3132	5e-05	0.00065	0.00021667	PASS	572Q	-18.203803	-23.777675	11.147744	positive
H	H	665	N	H	5	23	4.29317	1	0.08952861	1.04803815	parallel	H:5	0		4	0.36752399999999996	0.374	5e-05	0.00065	0.00021667	PASS	665N	-18.229609	-23.788141	11.117064	positive
A	A	780	S	A	5	23	4.2811900000000005	1	0.28945548	0.53841822	parallel	A:5	0		5	0.55646431	0.5913	0.00024998	0.00224982	0.00046425	PASS	780S	-18.160006	-23.92812	11.536228	positive
F	F	505	L	F	4	17	4.27284	1	0.10013977	0.99939339	parallel	F:4	0		4	0.50442359	0.5371	0.00114989	0.00689934	0.00186857	PASS	505L	-21.582404	-24.508999	5.853190000000001	positive
Y	Y	751	F	Y	4	12	4.273619999999999	1	0.17249877	0.76321401	parallel	Y:4	0		4	0.50116736	0.5208	0.00144986	0.007249299999999999	0.00209424	PASS	751F	-22.121046	-23.432985000000002	2.623878	positive
E	E	623	D	E	4	18	4.24714	1	0.47239217	0.32569731	parallel	E:4	0		6	0.81682496	0.8752	0.00934907	0.03739628	0.01140341	PASS	623D	-23.722327	-27.409163	7.373672	positive
I	I	731	V	I	5	23	4.28021	1	0.50330523	0.29816856	parallel	I:5	0		7	1.25656591	1.3903	0.00964904	0.03739628	0.01140341	PASS	731V	-18.363473000000003	-23.858223000000002	10.9895	positive
