pastml_root	consensus_root	position	mut	max_anc	ref_EEM	nbseq	evol_rate	genetic_distance	substitution_rate	findability	type_substitution	details	loss	loss_details	max_simu	variance	mean	pvalue_raw	adjust_pvalue	adjust_pvalue_fdr	detected_EEM
P	P	540	T	P	5.0	23	3.42949	1	0.05940552	1.22617319	parallel	P:5	0		5	0.37451975	0.3805	0.00014999	0.00569962	0.00569949	PASS
H	H	665	N	H	5.0	23	3.24629	1	0.08952861	1.04803815	parallel	H:5	0		5	0.61532639	0.6519	0.00034997	0.01294889	0.00569949	PASS
G	G	839	K	G	3.0	9	3.30093	2	0.0200976	1.69685591	parallel	G:3	0		4	0.12253151	0.1207	0.00044996	0.01619856	0.00569949	PASS
A	A	573	N	A	3.0	15	2.72301	2	0.04135078	1.38351626	parallel	A:3	0		3	0.13992231	0.1363	0.00074993	0.02624755	0.00712434	PASS
E	E	572	Q	E	5.0	23	5.11468	1	0.19893438	0.70129015	parallel	E:5	0		5	0.74917911	0.7717	0.0010499	0.0356966	0.00791591	PASS
A	A	780	S	A	5.0	23	2.41359	1	0.28945548	0.53841822	parallel	A:5	0		5	0.78476464	0.8244	0.00124988	0.04124604	0.00791591	PASS
H	H	519	P	H	3.0	15	2.59335	1	0.02633194	1.57951707	convergent	H:2; Q:1	0		3	0.21005231	0.2113	0.00154985	0.0495952	0.00841347	PASS
E	E	474	A	E	4.0	24	6.0451	1	0.06466907	1.18930337	convergent	E:3; T:1	3	H:1; T:2	6	0.62751696	0.6452	0.00314969	0.09764039	0.01496103	PASS
