pastml_root	consensus_root	position	mut	max_anc	ref_EEM	nbseq	evol_rate	genetic_distance	substitution_rate	findability	type_substitution	details	loss	loss_details	max_simu	variance	mean	pvalue_raw	adjust_pvalue	adjust_pvalue_fdr	detected_EEM
L	L	749	T	L	3	5	2.50589	2	0.02269286	1.64411086	parallel	L:3	0		3	0.08206071	0.0827	0.00014999	0.0059996	0.0049996	PASS
P	P	540	T	P	5	23	5.0767	1	0.05940552	1.22617319	parallel	P:5	0		5	0.55234231	0.5637	0.00024998	0.00974922	0.0049996	PASS
A	A	780	S	A	5	23	2.19446	1	0.28945548	0.53841822	parallel	A:5	0		5	0.74205975	0.7845	0.00054995	0.0208981	0.0054995	PASS
G	G	839	K	G	3	9	3.29571	2	0.0200976	1.69685591	parallel	G:3	0		3	0.11506311	0.1133	0.00054995	0.0208981	0.0054995	PASS
H	H	665	N	H	5	23	4.1233	1	0.08952861	1.04803815	convergent	H:4; P:1	0		6	0.781116	0.822	0.00084992	0.03059712	0.00679936	PASS
E	E	572	Q	E	5	23	5.0332	1	0.19893438	0.70129015	parallel	E:5	0		6	0.78686679	0.8139	0.00134987	0.04724545	0.00899913	PASS
