pastml_root	consensus_root	position	mut	max_anc	ref_EEM	nbseq	evol_rate	genetic_distance	substitution_rate	findability	type_substitution	details	loss	loss_details	max_simu	variance	mean	pvalue_raw	adjust_pvalue	adjust_pvalue_fdr	detected_EEM
Y	Y	618	R	H	4	4	3.14354	1	0.05287517	1.27674824	convergent	H:3; Y:1	0		3	0.132176	0.132	5e-05	0.0018	0.0018	PASS
P	P	540	T	P	5	23	3.12187	1	0.02271666	1.64365547	parallel	P:5	0		5	0.248975	0.245	0.00014999	0.00524965	0.00269982	PASS
E	E	572	Q	E	6	24	3.13145	1	0.25440592	0.59447279	parallel	E:6	0		6	0.77265724	0.8174	0.00024998	0.00849932	0.00299976	PASS
A	A	573	N	A	3	15	3.14088	2	0.02223037	1.65305327	parallel	A:3	0		3	0.15310599	0.1549	0.00054995	0.01814835	0.00385678	PASS
E	E	474	G	E	3	3	3.14354	1	0.02149613	1.66763966	parallel	E:3	0		3	0.17459191	0.1803	0.00064994	0.02079808	0.00385678	PASS
G	G	839	K	G	3	9	3.09	2	0.01929148	1.71463449	convergent	G:2; P:1	0		4	0.13931775	0.1385	0.00074993	0.02324783	0.00385678	PASS
L	L	749	T	F	3	5	3.0929	2	0.00790183	2.10227224	convergent	F:2; L:1	0		3	0.15662524	0.1574	0.00074993	0.02324783	0.00385678	PASS
D	D	852	E	D	7	8	3.14354	1	0.26393791	0.57849822	parallel	D:7	0		8	1.72276951	1.5493	0.00124988	0.03624652	0.00562446	PASS
H	H	665	N	H	5	23	3.03164	1	0.09825543	1.00764346	convergent	H:4; S:1	0		6	0.91225959	0.9571	0.00194981	0.05459468	0.00779924	PASS
S	S	896	P	S	3	3	3.14353	1	0.08458925	1.07268482	parallel	S:3	0		4	0.29443324	0.3026	0.00224978	0.06074406	0.00809921	PASS
P	P	855	A	P	4	4	3.14354	1	0.0468133	1.32963078	parallel	P:4	0		5	0.59633911	0.6283	0.00354965	0.0922909	0.01161704	PASS
