pastml_root	consensus_root	position	mut	max_anc	ref_EEM	nbseq	evol_rate	genetic_distance	substitution_rate	findability	type_substitution	details	loss	loss_details	max_simu	variance	mean	pvalue_raw	adjust_pvalue	adjust_pvalue_fdr	detected_EEM	posmut	log-dep	log-indep	BF	correlation
P	P	540	T	P	5	23	3.12187	1	0.02271666	1.64365547	parallel	P:5	0		5	0.248975	0.245	0.00014999	0.00524965	0.00269982	PASS	540T	-23.386046	-33.504608000000005	20.237123999999998	positive
E	E	572	Q	E	6	24	3.13145	1	0.25440592	0.59447279	parallel	E:6	0		6	0.77265724	0.8174	0.00024998	0.00849932	0.00299976	PASS	572Q	-26.816284000000003	-35.838142	18.043716	positive
H	H	665	N	H	5	23	3.0316400000000003	1	0.09825543	1.00764346	convergent	H:4; S:1	0		6	0.91225959	0.9571	0.00194981	0.05459468	0.00779924	PASS	665N	-23.176043	-33.611911	20.871736	positive
