pastml_root	consensus_root	position	mut	max_anc	ref_EEM	nbseq	evol_rate	genetic_distance	substitution_rate	findability	type_substitution	details	loss	loss_details	max_simu	variance	mean	pvalue_raw	adjust_pvalue	adjust_pvalue_fdr	detected_EEM	posmut	log-dep	log-indep	BF	correlation
G	G	839	K	G	3	9	3.03609	2	0.0200976	1.69685591	parallel	G:3	0		2	0.10473791	0.1047	5e-05	0.002	0.001	PASS	839K	-77.616058	-79.324134	3.416152	positive
P	P	540	T	P	5	23	3.56645	1	0.05940552	1.22617319	parallel	P:5	0		4	0.39939111	0.4083	5e-05	0.002	0.001	PASS	540T	-79.269852	-82.26292	5.986136	positive
A	A	573	N	A	3	15	1.64025	2	0.04135078	1.38351626	parallel	A:3	0		3	0.075575	0.075	0.00014999	0.00569962	0.00199987	PASS	573N	-78.176828	-79.971427	3.589198	positive
H	H	665	N	H	5	23	2.28282	1	0.08952861	1.04803815	parallel	H:5	0		5	0.4911	0.51	0.00024998	0.00924926	0.0024998	PASS	665N	-78.993063	-82.29227900000001	6.598432000000001	positive
A	A	780	S	A	5	23	1.76645	1	0.28945548	0.53841822	parallel	A:5	0		5	0.64523279	0.6561	0.00084992	0.03059712	0.00679936	PASS	780S	-79.175431	-82.445675	6.540488	positive
L	L	749	T	L	3	5	5.43852	2	0.02269286	1.64411086	parallel	L:3	0		4	0.23437564	0.2294	0.00214979	0.07524265	0.01285589	PASS	749T	-78.316874	-81.952219	7.270689999999999	positive
E	E	572	Q	E	5	26	5.95256	1	0.19893438	0.70129015	parallel	E:5	0		6	0.87200764	0.9106	0.00224978	0.07649252	0.01285589	PASS	572Q	-79.322846	-84.401285	10.156878	positive
