pastml_root	consensus_root	position	mut	max_anc	ref_EEM	nbseq	evol_rate	genetic_distance	substitution_rate	findability	type_substitution	details	loss	loss_details	max_simu	variance	mean	pvalue_raw	adjust_pvalue	adjust_pvalue_fdr	detected_EEM	posmut	log-dep	log-indep	BF	correlation
P	P	540	T	P	5	23	5.74256	1	0.05940552	1.22617319	parallel	P:5	0		4	0.22846736	0.2292	5e-05	0.00075	0.00015	PASS	540T	-18.062553	-23.617243	11.10938	positive
E	E	572	Q	E	5	23	5.74367	1	0.19893438	0.70129015	parallel	E:5	0		4	0.36625564	0.3706	5e-05	0.00075	0.00015	PASS	572Q	-18.090660999999997	-23.598505	11.015688	positive
A	A	573	N	A	3	15	5.53828	2	0.04135078	1.38351626	parallel	A:3	0		2	0.09759775	0.0985	5e-05	0.00075	0.00015	PASS	573N	-20.916846	-22.011622	2.189552	positive
H	H	665	N	H	5	23	5.7434199999999995	1	0.08952861	1.04803815	parallel	H:5	0		4	0.44260224	0.4576	5e-05	0.00075	0.00015	PASS	665N	-17.977351000000002	-23.604098	11.253494	positive
A	A	780	S	A	5	23	5.7367300000000006	1	0.28945548	0.53841822	parallel	A:5	0		6	0.70895831	0.7237	0.00024998	0.00224982	0.00053567	PASS	780S	-18.188067999999998	-23.680923	10.985710000000001	positive
Y	Y	751	F	Y	4	12	5.73148	1	0.17249877	0.76321401	parallel	Y:4	0		5	0.59541279	0.6311	0.00284972	0.02279776	0.00534322	PASS	751F	-21.440946	-23.287473000000002	3.693054	positive
F	F	505	L	F	4	17	5.73131	1	0.10013977	0.99939339	parallel	F:4	0		5	0.65187511	0.6683	0.00514949	0.03604643	0.00858248	PASS	505L	-21.452833	-24.968292	7.030917999999999	positive
