pastml_root	consensus_root	position	mut	max_anc	ref_EEM	nbseq	evol_rate	genetic_distance	substitution_rate	findability	type_substitution	details	loss	loss_details	max_simu	variance	mean	pvalue_raw	adjust_pvalue	adjust_pvalue_fdr	detected_EEM
L	L	749	T	L	3	5	2.83707	2	0.02269286	1.64411086	parallel	L:3	0		4	0.10014151	0.0957	0.00044996	0.01259888	0.00384965	PASS
P	P	540	T	P	5	23	5.61495	1	0.05940552	1.22617319	parallel	P:5	0		5	0.58806064	0.5956	0.00044996	0.01259888	0.00384965	PASS
H	H	665	N	H	5	23	3.41229	1	0.08952861	1.04803815	parallel	H:5	0		5	0.675879	0.689	0.00054995	0.0142987	0.00384965	PASS
A	A	780	S	A	5	23	1.84412	1	0.28945548	0.53841822	parallel	A:5	0		5	0.62454975	0.6505	0.00054995	0.0142987	0.00384965	PASS
E	E	572	Q	E	5	23	5.6414	1	0.19893438	0.70129015	parallel	E:5	0		5	0.80264975	0.8255	0.00084992	0.02039808	0.00475955	PASS
V	V	722	M	V	4	12	5.71108	1	0.21358896	0.6704212	parallel	V:4	1	T:1	4	0.52701596	0.5398	0.00184982	0.04254586	0.0081992	PASS
G	G	839	K	G	3	9	4.94357	2	0.0200976	1.69685591	parallel	G:3	0		5	0.19309104	0.1836	0.0020498	0.0450956	0.0081992	PASS
Y	Y	618	C	Y	3	7	5.71007	1	0.06726165	1.17223251	parallel	Y:3	0		4	0.29091991	0.3003	0.00324968	0.06824328	0.01104336	PASS
A	A	573	N	A	3	15	5.20441	2	0.04135078	1.38351626	parallel	A:3	0		5	0.27578431	0.2663	0.00354965	0.070993	0.01104336	PASS
