pastml_root	consensus_root	position	mut	max_anc	ref_EEM	nbseq	evol_rate	genetic_distance	substitution_rate	findability	type_substitution	details	loss	loss_details	max_simu	variance	mean	pvalue_raw	adjust_pvalue	adjust_pvalue_fdr	detected_EEM	posmut	log-dep	log-indep	BF	correlation
P	P	540	T	P	5	23	5.61495	1	0.05940552	1.22617319	parallel	P:5	0		5	0.58806064	0.5956	0.00044996	0.01259888	0.00384965	PASS	540T	-64.83476999999999	-66.380028	3.090516	positive
H	H	665	N	H	5	23	3.41229	1	0.08952861	1.04803815	parallel	H:5	0		5	0.675879	0.6890000000000001	0.00054995	0.0142987	0.00384965	PASS	665N	-64.958575	-66.445636	2.974122	positive
A	A	780	S	A	5	23	1.84412	1	0.28945548	0.53841822	parallel	A:5	0		5	0.62454975	0.6505	0.00054995	0.0142987	0.00384965	PASS	780S	-64.784784	-66.46741999999999	3.365272	positive
E	E	572	Q	E	5	23	5.6414	1	0.19893438	0.70129015	parallel	E:5	0		5	0.80264975	0.8255	0.00084992	0.02039808	0.00475955	PASS	572Q	-64.720839	-66.532816	3.623954	positive
